"id_assignment","id_job_type","report"
"1798","1","15,"
"1798","11","15,"
"1870","2","15,"
"2085","1","15,"
"2110","1","15,"
"2182","1","15,"
"2283","1","15,"
"2726","1","15,"
"2862","1","15,"
"2928","2","15,"
"2947","1","15,"
"2983","1","15,"
"3041","1","15,"
"3108","1","15,"
"3105","1","15,"
"3308","1","15,"
"3385","11","15,"
"3449","11","15,"
"3328","11","15,"
"3547","1","15,"
"3547","11","15,"
"3662","1","15,"
"3913","1","15,"
"4020","1","15,"
"4030","1","15,"
"3964","1","15,"
"3875","1","15,"
"4026","1","15,"
"4096","1","15,"
"3870","1","15,"
"4063","1","15,"
"3931","1","15,"
"3908","1","15,"
"3976","1","15,"
"3960","1","15,"
"3705","1","15,"
"4125","1","15,"
"3912","1","15,"
"4062","1","15,"
"3900","1","15,"
"4029","1","15,"
"4638","1","15,"
"4463","1","15,"
"4832","1","15,"
"4901","1","15,"
"4448","1","15,"
"4588","1","15,"
"4323","1","15,"
"4658","1","15,"
"5093","1","15,"
"5160","1","15,"
"5213","1","15,"
"5240","1","15,"
"5231","1","15,"
"5246","1","15,"
"4805","1","15,"
"5292","1","15,"
"5358","1","15,"
"5451","1","15,"
"5543","1","15,"
"5495","1","15,"
"5549","1","15,"
"5616","1","15,"
"5669","1","15,"
"5749","2","31,32,"
"5750","1","15,27,"
"5814","1","30,34,"
"5793","1","31,32,"
"5818","1","21,26,"
"5820","1","15,27,"
"5851","1","15,"
"6010","1","15,"
"5970","1","15,"
"5943","1","15,"
"5989","1","15,"
"6051","1","15,"
"6021","1","15,"
"6056","1","15,"
"6386","1","15,"
"6434","1","15,"
"6418","1","15,"
"6470","1","15,"
"6403","1","15,"
"6544","1","15,"
"6633","1","15,"
"6443","1","15,"
"6648","1","15,"
"6676","1","15,"
"6564","1","15,"
"6745","1","15,"
"6759","1","15,"
"6835","2","15,"
"6911","1","15,"
"6987","1","15,"
"7057","3","30,"
"7064","1","20,"
"6933","2","4,"
"7052","2","4,"
"7122","1","4,"
"7172","1","30,31,"
"7175","3","30,31,"
"7176","1","30,31,"
"7174","2","21,26,"
"7184","1","4,27,"
"7183","1","30,31,"
"7182","2","15,"
"7171","2","30,31,"
"7186","2","30,31,"
"7189","1","30,31,"
"7161","2","30,31,"
"7197","1","16,31,"
"7191","1","30,31,"
"7213","1","20,35,"
"7211","1","15,"
"7212","1","15,"
"7260","1","21,31,"
"7249","2","31,35,"
"7244","2","21,31,"
"7279","1","31,35,"
"7261","2","21,26,"
"7275","2","31,35,"
"7253","2","4,27,"
"7280","1","4,27,"
"7282","1","4,27,"
"7288","1","31,35,"
"7266","1","4,21,26,27,"
"7289","1","15,"
"7274","1","30,32,"
"7292","2","31,35,"
"7298","1","31,35,"
"7299","1","21,26,"
"7300","1","21,26,"
"7304","1","31,35,"
"7302","1","31,35,"
"7305","1","21,26,"
"7308","1","31,35,"
"7312","2","4,16,20,27,"
"7287","2","4,16,20,27,"
"7307","1","16,27,"
"7313","2","4,16,20,27,"
"7270","2","31,35,"
"7315","1","30,"
"7316","8","31,35,"
"7290","2","4,26,"
"7314","2","16,31,"
"7324","1","16,31,"
"7317","1","4,21,"
"7310","2","4,21,35,"
"7327","1","4,27,"
"7333","1","26,35,"
"7331","8","4,27,"
"7334","1","26,35,"
"7322","2","21,31,"
"7336","1","21,31,"
"7337","2","21,31,"
"7341","1","16,27,"
"7346","1","4,35,"
"7347","1","21,31,"
"7340","1","4,35,"
"7350","1","4,20,35,"
"7351","1","4,27,"
"7353","1","21,31,"
"7359","1","15,20,31,"
"7355","8","4,27,35,"
"7354","2","15,31,"
"7369","1","15,31,"
"7358","2","4,21,"
"7368","2","4,21,"
"7375","1","15,31,"
"7356","1","21,31,"
"7379","4","21,31,"
"7381","13","13,"
"7380","4","21,31,"
"7382","4","4,27,"
"7383","8","21,31,"
"7385","1","30,32,"
"7390","1","21,31,35,"
"7386","1","4,27,"
"7389","7","4,"
"7393","11","4,30,31,32,"
"7393","1","4,30,31,32,"
"7394","7","35,"
"7388","2","20,35,"
"7387","2","4,31,"
"7399","1","4,31,"
"7403","1","4,31,"
"7402","1","30,32,"
"7404","1","30,32,"
"7405","4","35,"
"7407","1","1,35,"
"7409","1","30,32,"
"7414","8","15,"
"7416","1","30,32,"
"7410","1","15,31,"
"7410","11","15,31,"
"7408","1","30,32,"
"7415","1","31,34,"
"7413","1","31,34,"
"7421","1","31,34,"
"7426","1","4,27,"
"7417","1","30,32,"
"7428","1","4,27,"
"7432","1","31,34,"
"7427","1","28,29,"
"7418","11","1,15,20,35,"
"7433","1","28,29,"
"7439","1","30,32,"
"7438","1","4,27,"
"7451","1","28,29,"
"7445","1","20,35,"
"7450","1","31,34,"
"7423","1","31,34,"
"7458","1","31,34,"
"7431","1","1,15,"
"7457","1","30,32,"
"7456","1","4,27,"
"7384","7","28,29,"
"7460","1","31,34,"
"7453","1","4,27,"
"7420","1","1,15,20,35,"
"7420","11","1,15,20,31,35,"
"7461","1","1,35,"
"7462","1","31,34,"
"7449","1","4,27,"
"7452","3","31,34,"
"7470","1","31,34,"
"7443","1","4,27,"
"7412","11","30,32,"
"7463","11","1,15,32,35,"
"7463","1","1,15,32,35,"
"7442","1","28,29,"
"7472","1","1,15,"
"7437","11","1,15,31,35,"
"7471","1","28,32,"
"7467","1","31,34,"
"7459","2","28,29,"
"7480","1","20,30,"
"7401","1","4,27,"
"7481","1","1,15,"
"7448","1","1,15,32,35,"
"7448","11","1,15,31,32,35,"
"7483","1","20,30,"
"7484","1","28,29,"
"7478","11","20,30,"
"7465","2","1,15,31,35,"
"7446","1","4,27,"
"7485","1","1,32,35,"
"7489","1","34,"
"7482","1","15,31,"
"7491","1","20,30,"
"7492","1","4,27,"
"7490","1","15,31,"
"7469","2","4,27,"
"7486","1","1,32,35,"
"7493","1","20,30,"
"7494","1","1,32,35,"
"7488","1","34,"
"7501","1","20,30,"
"7487","2","4,27,"
"7496","1","4,27,"
"7499","1","20,30,"
"7497","7","4,"
"7504","1","1,15,"
"7506","1","1,15,"
"7498","1","4,27,"
"7495","1","1,15,31,32,34,35,"
"7508","1","1,15,"
"7509","1","4,27,"
"7505","1","20,30,"
"7512","1","1,15,"
"7514","1","16,31,32,"
"7513","1","20,30,"
"7510","1","4,26,"
"7502","7","16,"
"7511","4","20,30,"
"7515","1","4,26,"
"7519","1","4,27,"
"7503","2","20,30,"
"7520","1","15,31,"
"7521","1","15,31,"
"7526","1","32,34,"
"7531","1","32,34,"
"7530","1","4,26,"
"7528","1","15,31,"
"7532","1","15,31,"
"7536","3","15,31,"
"7538","1","15,31,"
"7539","1","32,34,"
"7545","1","32,34,"
"7544","1","15,31,"
"7527","1","20,30,"
"7543","1","32,34,"
"7529","1","32,34,"
"7533","1","15,31,"
"7549","1","15,31,"
"7551","1","15,31,"
"7547","1","32,34,"
"7541","1","4,15,26,"
"7541","1","4,15,26,31,"
"7534","1","4,27,"
"7523","7","32,34,"
"7561","1","20,30,"
"7558","1","4,27,"
"7537","2","15,31,"
"7516","7","20,30,"
"7560","1","32,34,"
"7518","2","15,31,"
"7564","1","4,27,"
"7565","1","32,34,"
"7422","1","28,29,"
"7552","7","26,35,"
"7517","2","32,34,"
"7572","4","4,"
"7573","1","32,34,"
"7507","7","15,"
"7567","1","15,31,"
"7575","1","15,31,"
"7559","1","20,30,"
"7576","1","20,30,"
"7577","1","20,30,"
"7563","1","4,27,"
"7577","11","20,30,"
"7579","1","31,32,34,"
"7584","1","31,32,34,"
"7588","3","4,27,"
"7591","4","15,26,"
"7589","1","27,35,"
"7590","2","27,35,"
"7562","7","31,34,"
"7592","1","27,35,"
"7574","2","15,26,"
"7596","1","15,26,"
"7540","7","4,"
"7583","2","26,35,"
"7570","2","4,32,"
"7595","4","35,"
"7600","1","4,32,"
"7550","2","34,"
"7391","2","15,26,"
"7606","8","1,15,26,"
"7603","2","1,15,26,"
"7608","1","31,34,"
"7610","2","1,21,"
"7611","1","31,34,"
"7604","1","20,30,"
"7612","1","31,34,"
"7602","2","21,26,"
"7609","1","31,34,"
"7594","1","31,34,"
"7614","1","4,26,"
"7613","2","4,26,"
"7617","1","31,34,"
"7618","1","20,30,"
"7620","3","4,26,"
"7619","7","31,"
"7581","7","4,26,"
"7615","7","34,"
"7622","8","20,30,"
"7625","1","31,34,"
"7622","1","20,30,"
"7626","1","31,34,"
"7607","2","4,26,"
"7631","1","1,35,"
"7621","1","20,30,"
"7628","7","34,"
"7633","1","31,34,"
"7634","1","31,34,"
"7630","1","4,26,"
"7632","2","4,21,26,"
"7627","1","31,34,"
"7638","1","21,27,"
"7624","7","34,"
"7629","1","1,35,"
"7649","1","15,26,"
"7623","7","4,"
"7650","3","15,26,"
"7616","2","31,34,"
"7653","1","31,34,"
"7661","1","26,35,"
"7662","1","31,34,"
"7665","2","1,15,21,"
"7671","1","21,26,"
"7664","1","31,34,"
"7656","1","15,"
"7666","2","31,34,"
"7648","2","4,21,"
"7667","1","31,34,"
"7667","11","31,34,"
"7672","1","4,21,"
"7640","1","21,27,"
"7676","1","16,20,32,"
"7675","1","26,35,"
"7681","4","26,35,"
"7676","11","16,20,32,"
"7686","1","1,31,"
"7679","1","16,20,32,"
"7688","1","26,35,"
"7690","1","1,31,"
"7687","2","26,35,"
"7693","1","4,21,"
"7692","1","1,31,"
"7680","1","16,20,32,"
"7684","1","1,31,"
"7678","1","1,16,20,31,32,"
"7694","1","1,4,31,32,"
"7701","1","4,32,"
"7695","1","1,31,"
"7700","1","1,31,"
"7646","2","20,32,"
"7702","1","4,32,"
"7703","1","1,31,"
"7705","1","4,32,"
"7706","1","4,32,"
"7708","7","27,34,"
"7714","3","1,31,"
"7711","1","4,32,"
"7713","1","4,32,"
"7716","1","4,32,"
"7712","1","27,34,"
"7709","7","27,34,"
"7721","1","26,"
"7719","1","15,20,"
"7698","1","4,21,32,35,"
"7720","8","27,34,"
"7718","1","20,21,"
"7723","12","1,"
"7725","1","4,32,"
"7732","1","20,30,"
"7729","1","1,31,"
"7726","1","1,31,"
"7697","7","27,34,"
"7724","2","20,32,"
"7733","1","20,32,"
"7730","1","4,30,"
"7736","1","20,32,"
"7737","1","4,30,"
"7738","1","4,30,"
"7739","1","4,30,"
"7728","2","15,26,"
"7740","1","15,26,"
"7743","1","27,34,"
"7741","1","27,34,"
"7741","8","27,34,"
"7745","1","4,30,"
"7747","1","15,26,"
"7745","8","4,30,"
"7735","1","31,32,"
"7735","11","16,31,32,"
"7748","11","4,30,"
"7749","1","15,26,"
"7752","1","15,26,"
"7757","1","15,26,"
"7755","1","20,30,"
"7758","1","20,30,"
"7751","1","27,34,"
"7756","1","20,30,"
"7759","1","1,31,"
"7753","3","20,30,"
"7762","1","32,34,"
"7751","8","27,34,"
"7763","1","20,30,"
"7760","1","32,34,"
"7746","7","32,34,"
"7764","1","32,34,"
"7765","2","4,26,"
"7766","1","1,31,"
"7773","1","20,30,"
"7767","1","32,34,"
"7771","1","1,31,"
"7673","2","21,26,"
"7770","1","30,"
"7774","7","1,31,"
"7774","7","1,31,"
"7777","1","4,27,"
"7769","2","32,34,"
"7778","11","32,34,"
"7772","2","21,27,"
"7781","1","21,27,"
"7775","1","1,31,"
"7779","1","20,30,"
"7789","1","1,31,"
"7784","1","20,30,"
"7780","1","32,34,"
"7794","1","27,35,"
"7793","1","27,35,"
"7791","1","32,34,"
"7796","1","27,35,"
"7786","1","27,35,"
"7798","1","32,34,"
"7800","1","20,30,"
"7792","1","27,35,"
"7787","1","32,34,"
"7802","3","4,26,"
"7803","1","20,30,"
"7785","1","32,34,"
"7785","8","32,34,"
"7805","1","4,29,"
"7797","1","1,15,21,27,32,34,35,"
"7807","2","20,30,"
"7804","1","1,15,21,27,31,32,35,"
"7797","11","1,15,21,27,31,32,34,35,"
"7804","11","1,15,21,27,31,32,35,"
"7809","1","20,30,"
"7811","1","4,26,"
"7817","1","4,26,"
"7813","2","31,32,"
"7819","1","31,32,"
"7814","1","20,30,"
"7826","1","31,32,"
"7828","8","31,32,"
"7827","1","31,32,"
"7825","2","21,27,"
"7832","1","4,21,"
"7834","1","4,21,"
"7837","1","4,21,"
"7836","1","4,21,"
"7831","11","30,"
"7831","1","30,"
"7830","1","31,32,"
"7830","11","31,32,"
"7835","1","31,32,"
"7839","1","4,21,"
"7823","7","31,32,"
"7840","1","4,21,"
"7846","1","15,20,"
"7841","1","4,21,"
"7848","1","30,43,"
"7842","1","26,27,35,"
"7850","1","4,21,"
"7849","1","30,43,"
"7852","1","4,21,"
"7822","7","16,20,26,"
"7857","1","20,26,"
"7862","1","20,26,"
"7838","11","27,31,32,35,"
"7838","1","27,31,32,35,"
"7860","1","4,21,"
"7863","1","4,21,"
"7851","1","30,43,"
"7865","1","27,35,"
"7867","1","31,32,"
"7870","1","31,32,"
"7868","1","1,15,"
"7878","1","1,15,"
"7877","1","16,20,26,"
"7864","1","16,20,26,"
"7881","1","4,21,"
"7875","1","4,21,"
"7883","1","16,20,26,"
"7873","1","27,35,"
"7882","1","27,35,"
"7869","1","30,43,"
"7885","1","4,21,"
"7884","1","21,26,"
"7888","1","27,35,"
"7829","2","4,20,"
"7892","1","21,26,"
"7890","1","27,35,"
"7887","1","4,20"
"7895","1","4,26,"
"7894","1","27,35,"
"7903","1","27,35,"
"7891","1","30,43,"
"7898","1","4,26,"
"7897","1","4,20,"
"7896","1","30,43,"
"7905","2","20,21,"
"7904","1","4,26,"
"7907","3","27,35,"
"7880","7","23,26,"
"7879","7","27,35,"
"7847","2","31,32,"
"7899","1","30,43,"
"7914","1","27,35,"
"7906","1","20,21,"
"7911","1","1,4,"
"7919","1","30,43,"
"7920","1","27,35,"
"7913","1","23,26"
"7912","1","16,27,32,"
"7922","1","20,21,"
"7921","1","16,27,32,"
"7926","1","15,31,35"
"7918","1","30,43,"
"7927","1","1,4,15,31,35"
"7923","1","20,21,"
"7929","1","1,4,15,31,35,"
"7930","1","15,31,35,"
"7932","1","1,4,15,31,35,"
"7876","1","30,43,"
"7924","1","28,"
"7909","1","16,27,31,32,"
"7909","11","16,27,31,32,"
"7933","1","28,"
"7915","1","23,26,"
"7938","1","1,15,"
"7935","1","4,43,"
"7936","8","28,"
"7893","2","28,"
"7939","1","30,43,"
"7942","1","23,26,"
"7945","1","30,43,"
"7949","1","1,4,15,31,35,"
"7931","11","1,4,15,30,31,32,"
"7944","1","28,"
"7925","1","16,27,32,"
"7937","1","4,43"
"7916","7","28,"
"7925","8","16,27,32,"
"7946","1","27,29,"
"7946","11","27,29,"
"7947","1","23,26,"
"7941","2","30,43,"
"7948","1","28,"
"7955","1","27,29,"
"7954","1","20,21,"
"7960","1","27,29,"
"7953","1","20,21,"
"7961","1","1,15,35,"
"7943","2","30,43,"
"7958","1","4,31,32"
"7968","1","30,43,"
"7951","1","4,32,35,"
"7950","1","28,"
"7871","7","27,29,"
"7963","1","20,21,"
"7965","2","31,35,"
"7957","2","31,35,"
"7952","2","28,"
"7964","1","20,21,"
"7972","1","28,"
"7982","1","30,43,"
"7983","1","28,"
"7969","1","31,35,"
"7989","1","20,21,"
"7990","1","28,"
"7997","1","20,21,"
"7993","1","28,"
"7971","4","27,29,"
"7988","1","30,43,"
"7994","1","28,"
"7992","1","23,35,"
"8002","8","27,29,"
"8006","1","20,21,"
"8004","1","30,43,"
"7980","11","1,15,16,30,43,"
"7980","1","1,15,16,"
"7979","2","23,27,"
"7995","1","23,35,"
"8010","1","28"
"8005","1","23,27,"
"8021","1","1,4,15,"
"7973","2","23,27,"
"8022","1","20,21,"
"8023","1","26,35,"
"8024","1","1,4,15,"
"7975","2","30,43,"
"8015","1","28"
"8026","1","31,32,"
"8029","1","1,4,15,"
"7998","2","30,43,"
"8027","8","23,27,"
"8009","1","26,35,"
"8003","1","20,21,"
"7974","11","4,23,26,32,"
"7991","11","1,4,15,32,35,"
"7991","1","1,15,"
"8000","8","30,43,"
"8014","1","23,27,29"
"8033","1","1,4,"
"8013","1","28"
"8036","8","26,35,"
"8017","1","20,21,"
"8025","1","20,21,"
"8020","1","28,"
"8031","1","1,4,"
"8030","1","30,43,"
"8028","1","26,35,"
"8037","1","28"
"8038","1","28,"
"8039","1","28,"
"8016","1","1,4,15,16,31,32,"
"8040","1","28,"
"7967","11","4,16,23,26,31,32,"
"7967","1","4,23,26,32,"
"8032","1","1,4,"
"8016","11","1,4,15,31,32,"
"8001","1","23,27,"
"8052","1","28,"
"8044","1","30,43,"
"8054","1","16,31,32,"
"8045","1","16,31,32,"
"8042","2","28,"
"8048","1","30,43,"
"8056","3","4,21,"
"8061","1","4,21,"
"8064","1","20,23,"
"8067","1","21,27,"
"8063","1","26,35,"
"8059","11","1,4,16,31,32,"
"8041","7","15,"
"8070","2","20,23,"
"8075","1","16,31,32,"
"8071","1","26,35,"
"8076","1","1,4,"
"8068","1","20,23"
"8069","1","21,27,"
"8081","1","20,23,"
"8077","1","1,4,"
"8078","1","26,35,"
"8073","1","21,27,"
"8084","1","31,32,"
"8074","1","21,27,"
"8079","1","1,4,"
"8088","1","23,"
"8086","1","26,35,"
"8047","2","21,27,"
"8049","2","16,20,"
"8083","1","1,4,"
"8091","1","1,4,"
"7981","2","31,32,"
"8093","1","23,"
"8094","1","21,27,"
"8098","1","1,4,"
"8087","1","23,"
"8096","1","26,35,"
"8103","1","21,27,"
"8097","1","1,4,20,"
"8095","1","1,4,20,"
"8105","1","26,35,"
"8110","1","23,"
"8099","1","1,4,20,31,32,"
"8111","1","21,27,"
"8107","1","26,35,"
"8116","2","31,32,"
"8089","7","23,"
"8092","1","31,32,"
"8104","1","1,4,"
"8090","7","23,"
"8117","3","1,15,"
"8100","2","16,20,"
"8065","2","21,27,"
"8109","2","23,"
"8119","1","1,4,"
"8112","1","31,32,"
"8115","1","26,35,"
"8121","1","1,4,"
"8113","1","21,27,"
"8118","1","21,27,"
"8072","2","31,32,"
"8124","1","1,4,"
"8123","1","23,35,"
"8128","1","1,4,"
"8132","1","23"
"8129","1","21,26,"
"8127","1","31,35,"
"8131","2","23,"
"8120","1","21,26,"
"8136","1","4,15,"
"8137","1","23,"
"8139","1","23,"
"8126","1","31,32,"
"8141","3","21,26,"
"8060","11","1,4,20,21,31,32,35,"
"8060","1","1,4,15,16,20,31,32,35,"
"8142","1","31,32,"
"8144","1","20,23,"
"8122","1","31,32,"
"8102","2","1,31,32,"
"8146","1","4"
"8051","2","28,"
"8148","1","4,"
"8151","1","20,23,"
"8125","1","31,32,"
"8155","1","31,32,"
"8152","1","4,"
"8157","1","4,"
"8160","1","15,"
"8161","1","21,26,27,"
"8159","1","31,32,"
"8165","1","20,23"
"8166","1","4,"
"8170","1","15,"
"8153","1","30,43,"
"8164","3","35,"
"8177","1","4,"
"8178","1","15,"
"8154","1","30,43,"
"8168","1","23,26"
"8168","1","23,26"
"7984","7","15,"
"8174","1","20,21,"
"8175","1","4"
"8179","1","23,26,"
"8189","1","20,21,"
"8176","1","15,32,35,"
"8176","11","15,32,35,"
"8184","1","23,26,"
"8173","1","1,31,"
"8196","1","15,"
"8193","1","35,"
"8192","1","4"
"8192","1","4"
"8187","1","23,26,"
"8050","2","27,29,"
"8201","1","1,31,"
"8201","11","1,31,"
"8197","1","35,"
"8198","1","4,"
"8211","1","23,26,"
"8210","1","4"
"8167","2","27,29,"
"8204","1","1,31,"
"8180","1","27,29,"
"8209","1","20,21,"
"8212","1","23,26,"
"8218","1","15,"
"8225","1","23,26"
"8205","1","15,"
"8219","1","23,26,"
"8190","1","35,"
"8217","1","15,"
"8186","3","27,29,"
"8223","1","1,31,"
"8216","1","23,26,"
"8130","1","20,21,"
"8221","1","23,26,"
"8191","1","15,16,31,32,"
"8149","2","27,29,"
"8243","1","23,26,"
"8229","1","20,21,"
"8226","1","1,31,"
"8235","1","1,31,"
"8220","1","15,"
"8046","2","35,"
"8143","7","35,"
"8240","1","23,26,"
"8248","1","15,"
"8232","1","20,21,"
"8239","1","23,"
"8249","1","15,"
"8245","1","1,31,"
"8237","1","15,"
"8231","1","23,26,"
"8233","1","35,"
"8214","1","15,"
"8214","11","15,"
"8267","1","15,"
"8261","1","1,31,"
"8254","1","23,26,"
"8247","1","35,"
"8238","1","23,26,"
"8234","1","20,21,"
"8263","1","15,"
"8273","1","35,"
"8246","1","23,26,"
"8262","1","1,31,"
"8265","1","15,"
"8156","2","30,43,"
"8266","1","15,"
"8272","1","20,21,"
"8275","1","1,31,"
"8262","11","1,31,"
"8241","1","23,26,"
"8251","3","35,"
"8256","1","23,26,"
"8271","1","30,43,"
"8264","1","15,"
"8259","1","23,26"
"8285","1","1,31,"
"8277","1","30,43,"
"8085","2","27,29,"
"8199","2","15,"
"8288","1","23,26,27,"
"8274","2","30,43,"
"8242","2","27,29,"
"8227","11","20,21,"
"8252","1","15"
"8276","1","20,21,"
"8289","1","1,31,"
"8287","1","30,43,"
"8270","1","15,"
"8292","1","15,"
"8281","1","27,29,"
"8244","1","30,43,"
"8258","1","20,35,"
"8295","1","1,31,"
"8306","1","4"
"8305","1","21,"
"8308","1","4,"
"8309","1","15,"
"8284","1","23,26,27"
"8255","11","15,16,32,"
"8188","1","4,"
"8303","1","4"
"8286","1","30,43,"
"8307","1","21,"
"8291","11","1,31,"
"8299","1","23,26,27,"
"8206","1","15,20,35,"
"8302","2","21,"
"8278","1","15,"
"8278","11","15,"
"8293","1","30,43,"
"8172","1","31,32,"
"8230","11","4,30,43,"
"8290","1","23,26,27"
"8290","1","23,26,27"
"8230","1","4,30,43,"
"8228","11","4,30,43,"
"8228","1","4,30,43,"
"8313","2","15,"
"8297","4","30,43,"
"8314","2","15,"
"8317","1","21,"
"8318","1","23,26,"
"8320","1","30,43,"
"8191","11","15,16,31,32,"
"8327","1","23,26,27"
"8300","2","15,"
"8169","2","31,32,"
"8328","1","23,26,"
"8315","2","20,35,"
"8321","1","30,43,"
"8336","1","30,43,"
"8304","1","30,43,"
"8335","1","15"
"8329","1","20,35"
"8338","1","21,"
"8213","2","31,32,"
"8330","1","4,"
"8269","2","23,26,"
"8339","1","4,"
"8349","2","23,26,"
"8294","2","15,27,"
"8250","2","30,43,"
"8337","1","15,27,"
"8337","1","15"
"8352","2","30,43,"
"8227","1","20,21,"
"8347","1","23,26"
"8357","1","30,43,"
"8359","1","23,26,"
"8354","1","20,35,"
"8333","2","4,"
"8348","1","4"
"8344","1","4,20,21,31,32,35,"
"8343","1","20,31,"
"8344","11","4,20,21,31,32,35,"
"8366","1","23"
"8364","2","4,"
"8350","2","20,31,"
"8360","1","23,"
"8370","1","4,"
"8362","2","21,27,"
"8356","1","32,35,"
"8356","11","32,35,"
"8358","1","23"
"8365","1","20,31,"
"8331","1","23,"
"8373","1","4"
"8367","1","20,31,"
"8341","1","30,43,"
"8371","1","21,27,"
"8368","1","21,27,"
"8361","2","30,43,"
"8378","1","4,20,31,"
"8374","2","21,27,"
"8310","11","4,"
"8363","1","20,31,"
"8375","1","21,27,"
"8372","1","4"
"8372","1","4"
"8372","8","4,"
"8380","2","20,31,"
"8340","7","35,"
"8389","1","21,27,"
"8390","1","20,31,"
"8393","1","21,27,"
"8332","1","16,32,35,"
"8332","11","16,32,35,"
"8345","11","35,"
"8345","1","35,"
"8355","2","21,27,"
"8396","4","35,"
"8369","2","21,27,"
"8386","1","20,31,"
"8400","3","21,27,"
"8351","1","21,27,"
"8403","1","21,27,"
"8404","1","21,27"
"8402","1","20,31,"
"8401","1","32,35,"
"8381","1","20,35,"
"8385","2","31,32,"
"8405","1","31,32,"
"8397","1","31,32,"
"8406","2","4,"
"8392","1","21,27,"
"8379","2","31,32,"
"8408","1","20,35,"
"8399","1","20,32,35,"
"8407","1","30,43,"
"8257","2","16,20,"
"8412","1","4"
"8382","2","21,26,"
"8415","1","4,"
"8421","1","27,35,"
"8414","4","21,26,"
"8383","2","31,32,"
"8420","1","4,"
"8427","1","21,26,"
"8224","2","4,"
"8428","1","27,35,"
"8429","1","31,32,"
"8432","1","4"
"8437","1","27,35,"
"8441","1","30,43,"
"8424","1","31,32,"
"8424","11","20,31,32,"
"8425","2","4,"
"8438","1","21,26,"
"8411","2","4,"
"8443","1","4"
"8394","2","27,35,"
"8444","1","30,43,"
"8435","1","20,31,32,"
"8440","1","4"
"8440","1","4"
"8448","3","27,35,"
"8445","1","31,32,"
"8453","1","27,35,"
"8417","1","4,20,31,32,"
"8417","11","4,16,20,31,32,"
"8449","7","21,26,"
"8435","11","16,20,31,32,"
"8398","2","4,"
"8459","1","31,"
"8461","1","4,"
"8451","1","4,"
"8422","2","20,"
"8468","1","31,"
"8419","2","4,"
"8433","2","20,"
"8457","1","30,43,"
"8462","1","21,26"
"8470","1","31,"
"8410","2","21,26,"
"8416","2","4,"
"8467","2","20,"
"8476","1","4,"
"8463","1","26,30,"
"8475","1","27,35,"
"8477","1","4"
"8452","2","31,"
"8479","3","31,"
"8482","1","4,21"
"8481","1","4,21,"
"8483","1","4,15"
"8376","2","20,35,"
"8474","1","4,31,32,"
"8413","2","31,"
"8460","2","21,26,"
"8434","2","31,"
"8491","1","21,27,"
"8484","1","35,"
"8485","1","20,35,"
"8485","8","20,35,"
"8442","11","31,32,"
"8472","2","21,26,"
"8496","1","21,27,"
"8495","1","21,26,"
"8502","1","21,26,"
"8507","1","35,"
"8508","1","35,"
"8480","3","16,26,"
"8455","2","20,31,35,"
"8511","1","30,43,"
"8469","2","31,"
"8490","7","16,"
"8515","1","21,26,"
"8450","2","35,"
"8458","2","20,"
"8500","2","21,26,"
"8514","1","16,27,"
"8505","2","31,"
"8471","2","20,"
"8506","1","21,26,"
"8513","4","31,"
"8519","1","20,"
"8466","2","21,26,"
"8473","2","31,"
"8492","1","20,"
"8520","2","1,15,26,"
"8436","2","21,26,"
"8516","1","31,32,"
"8516","11","27,31,32,35,"
"8523","1","31,"
"8509","3","16,27,"
"8504","1","20,32,35,"
"8524","1","16,27,"
"8504","11","16,20,27,31,32,35,"
"8526","1","31,"
"8489","7","27,"
"8499","1","16,27,35,"
"8499","11","16,20,27,32,35,"
"8456","2","21,26,"
"8522","1","20,"
"8489","2","29,"
"8493","2","31,32,"
"8529","1","16,27,"
"8527","1","31,32,"
"8537","1","21,26,"
"8532","1","35,"
"8501","2","20,"
"8538","1","27,"
"8534","1","31,32,"
"8535","1","31,32,"
"8543","1","31,32,"
"8544","1","31,32,"
"8542","1","16,27,"
"8528","2","21,27,"
"8536","1","16,20,27,31,32,35,"
"8536","8","16,20,27,31,32,35,"
"8536","11","16,20,27,31,32,35,"
"8539","2","4,"
"8546","1","4,"
"8545","8","21,27,"
"8533","2","31,32,"
"8540","2","20,26,35,"
"8541","1","27,31,"
"8555","1","26,35,"
"8558","1","4"
"8557","1","31,32,"
"8550","1","21,27,"
"8561","1","31,32,"
"8521","2","21,27,"
"8518","2","20,26,35,"
"8566","1","31,32,"
"8565","1","4"
"8571","1","31,32,"
"8567","1","21,27,"
"8554","2","35,"
"8431","2","1,15,26,"
"8568","1","4,21,27,"
"8556","2","20,"
"8577","3","1,15,"
"8578","1","35,"
"8576","1","31,32,"
"8551","2","21,27,"
"8583","1","1,15,"
"8580","1","4,"
"8572","1","21,27,"
"8582","1","35,"
"8585","1","21,27"
"8587","1","4,"
"8591","1","30,43,"
"8590","1","20,"
"8564","2","31,32,"
"8584","1","26,35,"
"8562","7","21,27,"
"8563","7","30,43,"
"8595","1","26,35,"
"8598","1","4,"
"8593","1","20"
"8597","1","26,35,"
"8606","1","4,"
"8579","1","31,32,"
"8596","1","31,"
"8579","11","31,32,"
"8549","1","21,27,"
"8602","1","26"
"8608","1","21,27,"
"8588","1","20,"
"8604","1","31,"
"8589","2","31,"
"8600","1","31,32,"
"8574","1","20,"
"8552","2","30,43,"
"8607","11","4,21,27,"
"8616","1","21,27,"
"8611","1","30,43,"
"8615","1","20,"
"8619","1","21,27,"
"8601","1","20,"
"8605","1","4"
"8617","1","30,43,"
"8625","1","30,43,"
"8569","2","4,"
"8629","1","4,"
"8622","1","21,27,"
"8620","1","30,43,"
"8627","1","1,15"
"8623","1","4,"
"8633","1","1,15,"
"8631","1","31,"
"8634","1","1,15,"
"8632","1","30,43,"
"8635","1","30,43,"
"8628","2","30,43,"
"8638","1","1, 4"
"8626","7","21,26,"
"8614","1","31,32,"
"8592","11","20,31,32,"
"8644","1","35, 34, 21"
"8610","1","4,"
"8639","1","31,"
"8640","1","31,"
"8586","2","4,"
"8651","1","1, 35"
"8647","1","21, 26"
"8645","1","31,"
"8652","1","4,"
"8659","1","27, 35"
"8649","1","20,"
"8624","1","4,"
"8573","11","4,16,20,21,27,"
"8648","1","20,"
"8658","3","27,35,"
"8662","1","4"
"8660","1","27,"
"8663","1","30,43,"
"8609","1","31,"
"8657","1","4,"
"8667","1","27,"
"8670","1","4"
"8674","1","4,"
"8553","2","27, 35"
"8665","1","30,43,"
"8656","2","31,"
"8677","1","4,"
"8666","1","27, 35"
"8673","11","30,31,43,"
"8686","4","21, 26"
"8692","1","4, 35"
"8682","1","27, 35"
"8679","1","4, 35, 27"
"8685","1","30,43,"
"8695","1","4"
"8698","1","30,43,"
"8684","1","31,"
"8594","2","27, 35"
"8703","1","21, 27"
"8704","2","27, 35"
"8699","1","30,43,"
"8700","1","27, 35"
"8642","1","4,"
"8710","1","20,"
"8707","1","4,"
"8708","1","31,"
"8690","2","4,"
"8712","1","21,"
"8689","1","30,43,"
"8668","2","31,"
"8697","2","27, 35"
"8716","1","30,43,"
"8727","1","4"
"8728","1","31,"
"8717","1","21, 26"
"8726","1","27, 35"
"8719","1","30,43,"
"8729","1","31,"
"8736","1","4,"
"8722","1","21, 26"
"8741","1","31,"
"8720","1","21, 26"
"8691","2","31,"
"8683","7","4"
"8740","1","20,"
"8739","1","27,35,"
"8733","1","21, 26"
"8742","1",""
"8738","1","21,"
"8744","1","4, 20"
"8745","1",""
"8746","1","1,"
"8724","1","21,26,27,35,"
"8714","11","4,16,20,"
"8714","1","4,20,"
"8723","1","30,43,"
"8694","2","26, 35"
"8713","2","21, 27"
"8715","2","4, 20"
"8749","1","4, 20"
"8748","1","31,"
"8750","3","21, 27"
"8711","2","31,"
"8752","1","31,"
"8754","1","21, 27"
"8756","1","1, 4, 15"
"8725","2","21"
"8681","2","31,"
"8751","2",""
"8763","1","1, 4, 15, 30"
"8766","1",""
"8767","1",""
"8770","1","1, 4, 15, 30"
"8696","2","21"
"8764","3",""
"8771","11","1, 4, 15, 30"
"8755","1","31,"
"8785","1","21"
"8779","1","31,"
"8781","1","1,"
"8769","1",""
"8772","1","1,"
"8760","1","1,4,15,"
"8780","1","21,"
"8776","2",""
"8773","1","30,43,"
"8782","1",""
"8787","1","21,"
"8661","2","26, 35"
"8762","2","26, 35"
"8792","1","15, 31"
"8798","2","21"
"8800","1",""
"8786","1","1,4,32,"
"8786","11","1,4,20,27,32,"
"8778","11","1,4,15,30,43,"
"8804","1","31, 1"
"8790","2","1, 31"
"8794","3","30,43,"
"8801","2","26, 35"
"8803","2","21"
"8718","2",""
"8806","1",""
"8671","2","1,20,27,31,"
"8809","1","30,43,"
"8808","1","1, 20, 31"
"8813","1","1, 20, 31"
"8775","11","1,"
"8795","11","20,21,26,27,35,"
"8777","2","21, 26"
"8807","7","1, 31"
"8799","2","1, 31"
"8797","2","20,"
"8791","1","30,43,"
"8817","1","21,"
"8820","1","1, 31"
"8821","1","21,"
"8818","1",""
"8815","1","1, 31"
"8819","1","20,"
"8824","1","31,"
"8825","1","31,"
"8827","1","30,43,"
"8812","11","15,30,43,"
"8811","2","30,43,"
"8805","2","31, 20, 27"
"8826","11","16,20,27,31,32,"
"8828","11","4,15,28,"
"8828","1","4,15,28,"
"8829","1","31,"
"8826","1","20,31,"
"8753","2","21, 26, 35"
"8830","11","16,27,30,32,43,"
"8836","1","31, 20"
"8839","1","31,"
"8840","1","28,"
"8841","1","31,"
"8838","1","21,"
"8823","7","30,43,"
"8844","1","31, 20"
"8850","1","26, 21, 35"
"8849","1","15, 21"
"8816","2","31, 20"
"8810","2","21, 26, 35"
"8852","1","16,20,"
"8851","1","43,"
"8847","1","30,43,"
"8855","1","15,"
"8859","1",""
"8858","1","31, 20"
"8861","3","21, 4"
"8856","1","30,43,"
"8853","2","16,"
"8842","2","31, 20"
"8862","3","31, 20"
"8867","1","31, 20"
"8870","1","21, 4, 35"
"8866","1","16,27,"
"8873","1","4, 21, 35"
"8872","1","31, 20"
"8874","1","4,"
"8848","7",""
"8843","2","31,"
"8833","2","30,43,"
"8846","2","20,31,"
"8796","2","30,43,"
"8877","8","23,"
"8875","1","20,31,"
"8865","2","21,"
"8868","1","16,27,"
"8881","1","20,31,"
"8878","1","30,43,"
"8882","1","31,"
"8888","11","4,15,"
"8869","11","27,"
"8876","11","4,15,20,21,27,35,"
"8889","1",""
"8934","1","23"
"8901","1","23"
"8906","1","4,"
"8981","1",""
"8892","1","20,"
"8922","1","4,"
"8964","1","20,"
"8921","1","21"
"8940","1","21"
"8937","1","21"
"8974","1","31,"
"8960","1","31,"
"9006","1","29, 27"
"8930","1","4,"
"8952","1","21"
"8957","1",""
"8947","1","23"
"8913","1","28,"
"8953","1","21"
"8920","1",""
"8945","1",""
"8955","1","21"
"8956","1","23"
"9018","1","31"
"9080","1","20,"
"8995","1","4,"
"9007","1","4,"
"9010","1","4,"
"9032","1","15"
"9106","1","30,43,"
"9195","1","27, 29"
"9142","1","23"
"9025","1","21"
"9101","1","4,"
"9078","1","15"
"9230","1","16,"
"9210","1","31,"
"9089","1","4"
"9144","1","23"
"9173","1","30,43,"
"9092","1","15"
"9082","1","28,"
"10245","1","20,"
"9055","1","21"
"9241","1",""
"9214","1","31"
"9116","1","4"
"10249","1","29, 27"
"9205","1","30,43,"
"9151","1","23"
"9145","1","15"
"9036","1","4"
"9217","1","46,"
"9153","1","15"
"9177","1","31"
"10254","1","20"
"9069","1","30,43,"
"8990","1","15"
"9073","1","21"
"9137","1","28,"
"9062","1","23"
"9175","1",""
"9168","1","31,"
"9114","1","4"
"8986","1","23"
"9164","1","28,"
"9251","1",""
"9042","1","21"
"9183","1","30,43,"
"8992","1","23"
"8996","1","21"
"10778","1","29,"
"9194","1","15"
"9188","1",""
"9263","1",""
"9191","1","4,"
"10353","1","23"
"9079","1","31,"
"9436","1","15"
"9193","1","4"
"10844","1",""
"11792","1","31"
"9374","1","23"
"10310","1","15"
"9324","1","28,"
"14553","1","31"
"10863","1",""
"10196","1","21"
"10166","1",""
"10342","1","15"
"9325","1","28,"
"8789","2","29, 27"
"10904","1","30,43,"
"10146","1",""
"9312","1","4"
"14861","1","31"
"9215","1",""
"10198","1","21"
"10867","1",""
"9268","1","28,"
"9236","1","15"
"9038","1","31,"
"10476","1","23"
"9271","1","4"
"10745","1",""
"9355","1",""
"9218","1","26,"
"10258","1","21"
"10916","1",""
"14988","1","20"
"9353","1","4"
"10470","1","23"
"10797","1","30,43,"
"10113","1","15"
"9076","1",""
"10933","1","31,"
"10462","1",""
"14745","1","21"
"10459","1","4"
"9108","1","23"
"9277","1","15"
"10368","1","20,"
"15372","1","21"
"10848","1","30,43,"
"10948","1","31,"
"14839","1","4"
"10420","1","15"
"14711","1","23"
"10486","1",""
"10446","1",""
"10430","1","23"
"9297","1",""
"10829","1","30,43,"
"10317","1","15"
"9016","1","21"
"10959","1","31"
"11184","1","23"
"11221","2","20"
"11679","1",""
"10999","1","31,"
"11867","1","15"
"14609","1","23"
"8890","1","1, 29"
"10344","1","4,"
"16720","1","21"
"8979","1","30,43,"
"10425","1",""
"14546","1","23"
"12318","1","15"
"11669","1","23"
"15408","1","4"
"12345","1","15"
"9300","1","35"
"15390","1","20"
"15886","1",""
"10874","1","21"
"11698","1","31,"
"10433","1",""
"10660","1",""
"10337","1",""
"14880","1","15"
"15582","1","21"
"12163","1",""
"10889","1","4"
"12362","1","15"
"15415","1",""
"10382","1",""
"8987","1","35"
"9229","1",""
"15627","1","21"
"9054","1",""
"10929","1","4"
"16821","1","20,"
"9309","1","23"
"11802","1","31"
"11548","1","21"
"20953","1","4"
"20637","1","15"
"21108","1","23"
"11897","1","1,"
"9316","1",""
"14419","1","15"
"9225","1",""
"20527","1",""
"14895","1",""
"20744","1","1"
"10694","1","15"
"20770","3","20,"
"20946","1","4"
"8871","7",""
"15873","1","4"
"11907","1",""
"10911","1","23"
"15740","1","15"
"14916","1",""
"9404","1","4"
"20043","1","20"
"11403","1","21"
"15307","1","29"
"20555","1","30,43,"
"9393","1","23"
"9339","1","15"
"10629","1","1"
"9332","1","1"
"10161","1","4"
"12044","1","31"
"14920","1",""
"20370","1","23"
"11043","1","1"
"11144","1",""
"12129","1","4"
"21154","3","20"
"10779","1",""
"8999","1",""
"9072","1","35"
"20335","1","29"
"20568","1","23"
"9372","1","21"
"20794","1","15"
"20467","1",""
"11751","1","31"
"10705","1","4"
"9084","1","30,43,"
"22175","1","27"
"22189","1","27"
"21884","1","1"
"15422","1",""
"15819","1",""
"20702","1","15"
"22198","1","27"
"14448","1","4"
"9285","1",""
"11115","1","21"
"14902","1",""
"22166","1","1"
"20623","1",""
"20285","1","31"
"22157","1","20"
"11093","1","15"
"10900","1","4"
"9152","1","23"
"14812","1","15"
"9059","1","35"
"10566","1","15"
"9281","1","23"
"21906","1","4"
"9318","1",""
"15842","1",""
"11823","1","23"
"9278","1","4"
"11694","1","29"
"15162","1","15"
"10575","1",""
"21979","1","20,"
"9411","1","21"
"21979","11","20,"
"20867","1","20,"
"11393","1","35,"
"10645","1","23"
"15125","1","20,"
"11059","1","31"
"17315","1","31"
"14507","1",""
"9165","1","21"
"22128","1","27"
"12335","1","4,"
"16119","1",""
"9099","1",""
"10475","1","23"
"21192","1","15, 1"
"23351","1","20"
"9403","1","29"
"16605","1",""
"15641","1","35,"
"9011","1","1, 15"
"12249","1","23"
"8936","1","21"
"12298","1","35"
"12325","1","23"
"11562","1",""
"9050","1","1, 15"
"8958","1","21"
"9182","1","35,"
"9160","1","4"
"11354","1","31"
"23339","1","23,"
"21911","1",""
"9212","1",""
"14252","1","23,"
"21351","1","15"
"10157","1",""
"9184","1",""
"11162","1",""
"17328","1","31"
"23345","1","20"
"9097","1",""
"11636","1","28,"
"15057","1","15"
"12372","1","23"
"15860","1",""
"9100","1","30,43,"
"16893","3","20,"
"15634","1","4"
"15099","1","15"
"12011","1","23"
"14259","1","23"
"15236","1","15"
"8993","1","29"
"10565","1","21"
"9053","1",""
"20342","1","23"
"9127","1","1"
"9209","1",""
"9293","1","23"
"12139","1","15"
"9269","1","4"
"23496","1","21"
"11042","1","4"
"15658","1","1"
"9206","1","29"
"9064","1","23,"
"9067","1",""
"12057","1","23,"
"8903","1","30,43,"
"15103","1","4"
"9323","1",""
"9107","1","15"
"9345","1","15"
"14672","1","21"
"9037","1","15"
"9242","1",""
"9204","1","15"
"15945","1","1"
"14561","1",""
"9095","1","23, 4"
"8925","1","30,43,"
"9213","1",""
"15407","1","15"
"11266","1","1,"
"10822","1","23"
"21901","1","15"
"9326","1","21,"
"11583","1","1"
"11325","1","29"
"9301","1",""
"10571","1","23"
"10207","1","4"
"9148","1","15"
"8983","1","31"
"20349","1","4"
"8912","1",""
"9397","1","30,43,"
"9005","1","31,"
"23450","1","31,"
"10165","1","1,"
"9254","1","4,"
"17362","1","31"
"9150","1",""
"11518","1","1"
"10636","1","21"
"15280","1","29"
"10325","1","21,"
"9048","1","23,"
"9292","1",""
"26919","1","4"
"11148","1","15"
"22082","1","23"
"11844","1","1"
"15446","1","4"
"10893","1","23"
"14375","1","29"
"9317","1",""
"9341","1","15"
"8822","2","27"
"10106","1","1"
"14405","1","4"
"14412","1","23"
"27469","1","20"
"20541","1",""
"9136","1","15"
"8961","1","1"
"27556","1","27,"
"9172","1",""
"9115","1","21"
"10204","1","15"
"23305","1","23"
"10611","1","15,"
"9259","1","1"
"27464","1","20"
"9068","1",""
"14829","1","30,43,"
"10380","1",""
"9211","1","21"
"27574","1","15"
"10335","1","4"
"9418","1","23"
"9192","1","30,43,"
"23519","1","30,43,"
"9256","1",""
"9266","1","29"
"9330","1","23"
"27525","1","20"
"9093","1","4"
"9140","1","23"
"11369","1","35,"
"16092","1","15"
"9376","1","21"
"9276","1","23"
"27617","1","20"
"8857","7","16,35,"
"21335","1",""
"9408","1","15"
"10188","1","21, 27, 31"
"11860","1",""
"9247","1","4"
"9258","1","16,"
"9296","1","23,"
"27521","1","21"
"27614","1","27"
"27625","1","20"
"10155","1",""
"27459","3","23"
"27463","1","15"
"23546","1","30,43,"
"27582","1",""
"14769","1","31,"
"9029","1","4"
"27622","1","21"
"10163","1","31"
"27623","1","29"
"15067","1","35"
"9223","1",""
"9189","1","15"
"27632","3","21"
"9417","1",""
"15155","1","28,"
"9261","1","27"
"12034","1","31"
"23306","1","29"
"11386","1",""
"27620","1","21"
"9161","1","23"
"10652","1","15"
"11958","1","31"
"23279","1",""
"10168","1","35"
"8942","1","28,"
"15198","1","29"
"19868","1","31"
"9190","1","1,35,"
"27689","1","20,"
"26795","1",""
"14762","1","4"
"27783","1","4"
"27631","1","15"
"20762","1",""
"9313","1","30,43,"
"11016","1","21"
"27457","7","27"
"27503","1","31"
"27618","1","4"
"14583","1","15"
"27537","1",""
"27713","1","4"
"9077","1","23"
"14819","1","15"
"9306","1",""
"9303","1","30,43,"
"27624","1","35"
"27596","1","31"
"9046","1","35"
"17208","1","21"
"27798","1","23,"
"14843","1","4,"
"27492","1",""
"9075","1","35"
"27823","1","4"
"27800","1","15"
"10607","1",""
"27534","1",""
"27484","1","31"
"9307","1","35"
"27760","1",""
"17289","1","21"
"9187","1",""
"14786","1","15"
"11573","1","29"
"27793","1","23"
"27608","1","31"
"9008","1","35"
"11303","1","4"
"14525","1","15,"
"27818","1",""
"11680","1","21"
"27776","1","15"
"27813","1","20"
"27485","1","23"
"9056","1","35"
"11541","1","30, 43"
"11597","1","21"
"27795","1","23"
"16677","1","29"
"27782","1","20"
"27756","1",""
"9065","1","28,"
"27710","1","15"
"9002","1","21"
"27811","1",""
"27763","1",""
"9147","1","4"
"20610","1",""
"9389","1","21"
"14391","1","23"
"27772","1","15"
"8970","2","27"
"27766","1",""
"20584","1","35"
"22077","1","21"
"27621","1","4"
"27696","1",""
"20534","1","23"
"27626","1","29"
"27748","1","15"
"27635","1","29"
"10297","1","23"
"16004","1","23"
"27667","1",""
"27787","1","15,"
"11289","1","21"
"27853","1","20"
"26845","1",""
"27822","1","23"
"27794","1","4"
"27814","1","27"
"27610","1",""
"27727","1",""
"27809","1","35"
"9179","1","31"
"27749","1",""
"27686","1","15"
"14847","1",""
"27579","1","23"
"27754","1","4"
"8941","1","21"
"27807","1","35"
"27819","1",""
"27489","1","15"
"27516","1",""
"27526","1","31,"
"27628","1",""
"27634","1","43, 30"
"27502","1","23"
"27506","1","4"
"10110","1",""
"27538","1","15"
"9208","1","16,"
"27826","1","20"
"27466","1",""
"10511","1","21"
"27480","1","23"
"27646","1","43, 30"
"27860","1","29"
"27670","1","4"
"11133","1","31"
"27871","1","21"
"27647","1","30, 43"
"27474","1","15"
"20224","1","35,"
"27843","1","27"
"9013","1",""
"27861","1","20"
"10579","1","21"
"27553","1","23"
"27665","1","15"
"26758","1","1"
"27765","1","30, 43"
"27563","1","4"
"27827","1","20"
"27740","1",""
"27562","1","23"
"27864","1","1"
"9117","1",""
"23513","1",""
"27806","1","30, 43"
"9134","1","21"
"27600","1","4"
"27796","1","1"
"9023","1",""
"14854","1","31"
"10625","1","21"
"27540","1","23"
"27520","1","15"
"27830","1","43, 30"
"15429","1","35,"
"27488","1","4"
"27868","1","1"
"9003","1","21"
"27468","1",""
"27779","1","30, 43"
"15317","1","31"
"10637","1",""
"27872","1","15"
"27755","1","29"
"20217","1","1"
"27828","1","20"
"27508","1","4"
"27750","1","30, 43"
"27580","1",""
"9090","1","35,"
"27857","1","21"
"27690","1","29"
"27593","1","23"
"9043","1","31"
"12149","1",""
"27721","1",""
"27803","1","30, 43"
"27655","1","15, 4"
"27878","1","1"
"27858","1","23"
"27605","1",""
"27877","1","30,43,"
"27704","1","29"
"27817","1","15"
"12021","1","21"
"27879","1","21"
"15389","1","35,"
"27833","1",""
"27852","1","20,"
"21892","1","31"
"16664","1",""
"27874","3",""
"27473","1","4"
"27575","1","23"
"27789","1","35,"
"27875","1","21"
"10130","1",""
"27581","1","1"
"27693","1",""
"27880","1","30,43,"
"27571","1","15"
"27636","1","23"
"27873","3","21,"
"27585","1",""
"27839","1","15"
"27609","1","4"
"9265","1",""
"27552","1","15"
"27476","1","1"
"10449","1","31"
"20737","1","35,"
"27854","1","15"
"27472","1",""
"27730","1",""
"27513","1","1"
"9041","1",""
"10974","1","35,"
"27777","1",""
"27834","1","23"
"27613","1","4"
"27732","1","15"
"27752","1","23"
"27653","1",""
"10521","1","21"
"27481","1","15"
"11834","1",""
"27885","1",""
"27504","1",""
"27659","1","30, 43"
"27645","1","1"
"27791","1",""
"8884","2","27,"
"16361","1","30,43,"
"27567","1","30,43,"
"27751","1",""
"27471","1","23"
"27855","1","15"
"27694","1",""
"27570","1",""
"14458","1","15"
"27598","1","23"
"20685","1","21"
"23512","1","35,"
"27812","1",""
"27894","1","15"
"10920","1","31"
"27876","3","20"
"9280","1","35,"
"27583","1","23"
"27684","1",""
"27519","1",""
"10330","1","35,"
"27661","1","4"
"27883","1","21"
"27714","1","1, 30, 43"
"27524","1","23"
"27925","1","15"
"21400","1","35,"
"27638","1","4"
"8929","1","31,"
"27930","1","15"
"27886","1","20"
"27917","3",""
"27648","1","1, 43, 30"
"27757","1","4"
"27889","1","29"
"27495","1",""
"27926","1","15"
"27594","1","23"
"27630","2","27"
"27642","1","1, 43, 30"
"27966","1","20"
"27888","3","21"
"27723","1","28,"
"27550","1","23,"
"9226","1","31,"
"27890","1","31,"
"27698","1","29,"
"27967","1","20,"
"27959","1","23"
"27784","1","31"
"27955","1",""
"27968","3","21"
"27942","1","15"
"27810","2","27"
"27969","2","20,"
"27920","1","29"
"27907","1","1"
"27961","1","1"
"27948","2","27"
"27893","1","31"
"27725","1","23"
"27892","1","4"
"9176","1","35,"
"28004","1","1"
"9264","1","21"
"27958","1","20,"
"27908","1",""
"9334","1","21"
"28003","1","1"
"27923","1","29"
"11208","1",""
"10761","1","31,"
"11247","1","31"
"27974","1","27,"
"28082","1","20"
"27870","2","27,"
"28083","2","20,"
"28032","1","15"
"28043","3","30, 43"
"27944","1",""
"27981","1","21"
"28022","1","15"
"28050","1","23"
"27972","1","1"
"28088","4","20"
"27862","1","4"
"28044","1","29"
"27973","1","1"
"28026","1","23"
"28029","1","35,"
"27640","1","4"
"28037","3","43, 30"
"28040","1","29"
"27995","1",""
"28052","1","23"
"28011","1","30, 43"
"28002","1","1"
"27899","1",""
"10567","1","35,"
"28091","3","21"
"27905","1","29"
"28061","1","23"
"27987","1","1"
"27988","1","15"
"28038","1","20"
"28079","1","31"
"27941","1","4"
"28084","1","35,"
"28159","1","15"
"28176","1","30, 43"
"28085","1","27"
"27980","1","1"
"28045","1",""
"27935","1","29"
"27915","1","30, 43"
"27850","1","23"
"28072","1","31"
"27991","1","1"
"28019","1","15"
"28063","1","30, 43"
"28162","1",""
"27896","1","35,"
"27940","1","23"
"28071","1","29"
"28042","1",""
"27943","1","20"
"28153","1","27"
"28180","1","35,"
"27979","1","31,"
"28183","3","15"
"28064","1","23"
"28156","3","43, 30"
"28187","1","20,"
"28007","1","21"
"27486","1","15"
"27994","1","1"
"27996","1","21"
"28030","1","35,"
"28184","1","30, 43"
"27641","1",""
"27483","1","23"
"28057","3","4,"
"27960","1","23"
"28074","1","29"
"27675","1","15"
"28215","1",""
"27976","1","21"
"27957","1","29"
"28154","3","30, 43"
"27986","1","1"
"28060","1","23"
"27978","1","31"
"28199","1","15"
"28152","12","20"
"28148","1","30, 43"
"27993","1","1"
"28047","1",""
"28169","1","4"
"28068","1","23"
"28001","1","21"
"28009","1","1,"
"28220","1","15"
"28227","1","30, 43"
"27982","1","31"
"28103","3","29"
"28039","1","4"
"28175","1","23"
"28015","1","21"
"28105","1",""
"28195","1","1"
"28067","1","23"
"28095","1","30, 43"
"27985","1","31"
"28132","1","29"
"28182","3","29,"
"28136","1","23"
"28214","3","20"
"28059","1","4"
"28099","1","1"
"28253","1","15"
"28194","1","23"
"27802","2","27"
"28197","3","30, 43"
"28024","1","21"
"28239","1",""
"28158","1","23"
"28106","1","1"
"28207","1","15"
"28114","1","21"
"28171","1","23"
"28093","1","29"
"28237","1","1"
"28198","4","20"
"28168","1","4"
"28221","1","21"
"28137","1","15"
"28130","1","29"
"28142","1","31"
"28108","1","1"
"10753","1",""
"28166","1","15"
"28139","1","23"
"28051","1","21"
"28119","1","1"
"28125","1","43, 30"
"28094","1","29"
"28140","1","23"
"28122","1","21"
"28240","1",""
"28160","1",""
"28189","1","31,"
"28008","1","23"
"28120","1","21"
"28161","1","15"
"28107","1","4"
"28146","1",""
"28058","1",""
"28062","1",""
"28280","1","23"
"28172","3","15"
"28265","1","4"
"28278","1","43, 30"
"28179","1","21"
"28218","1","23"
"28305","3","4"
"28092","1","1"
"28104","1","29"
"28216","1","43, 30"
"28191","1","20,"
"27644","1","16,"
"28177","3","16,"
"28013","1","31,"
"28016","1","31"
"28178","1","21"
"27951","1","1"
"28319","3","4"
"28303","1","23"
"28301","1",""
"28338","1","21"
"28333","1","1"
"28314","1",""
"28288","1","29,"
"28135","1","1"
"28273","1","31"
"28317","1","20"
"28200","1","4"
"28097","3","43, 30"
"28073","1",""
"28279","1","21"
"28320","3","15"
"28102","1","23"
"28150","1","30, 43"
"28323","1","1"
"28332","3","23"
"28311","1","21"
"28145","1","4"
"28308","1","31"
"28090","3","23,"
"28014","1","15"
"28128","1",""
"28318","1","20"
"28143","3","30, 43"
"28346","1","15"
"28231","1","1"
"28080","1","1,"
"28365","1","23"
"28055","1",""
"28025","1","4"
"20709","1","15"
"28366","1",""
"28353","1","21"
"28151","1","43, 30"
"28344","1","31"
"28249","1","1"
"28341","1","1"
"28113","1","4"
"28213","1","20"
"28310","1","15"
"28321","1","29"
"28256","1",""
"28345","1",""
"28358","1","1"
"27912","1","23"
"27932","1",""
"28304","1","21"
"28369","1","35,"
"28116","1","4"
"28355","3",""
"28100","3","30, 43"
"28371","1","31"
"28076","1","15"
"28322","1","23"
"28335","1","21"
"28124","1","15"
"28402","1",""
"28357","1",""
"28362","1","29"
"28096","1","4"
"28378","3","43, 30"
"28401","1","1"
"28285","1","20"
"28376","1","31"
"28243","1","21"
"28348","1","23"
"28123","1","4"
"28163","1",""
"28364","1","15"
"28230","1","28,"
"28188","1","28,"
"9057","2","31,"
"28131","1",""
"28342","1","1"
"28372","1","29"
"28379","1","21"
"27584","1","15"
"28375","1",""
"28404","1","23"
"28382","1","4"
"28383","1","21"
"27586","1","29"
"28350","1","31,"
"28262","1","1"
"28219","2","35,"
"28033","1","15"
"28327","1","4"
"28126","1","23"
"28430","1","35,"
"28115","1","4"
"28394","1","31"
"28193","1",""
"28065","1","23"
"28393","1","15"
"28405","1","35,"
"28385","1","21"
"28443","1","29"
"28416","1",""
"27884","11","20,"
"27884","1","20,"
"28417","1","1"
"28258","1","4"
"28432","1","21"
"28408","1","31"
"28444","1",""
"28447","1","35,"
"28439","1",""
"28329","1","23"
"28442","3","4"
"28363","1","31"
"28325","1","23"
"28423","1",""
"28438","1","1"
"28433","1","27"
"28435","1","35,"
"28412","1","29"
"28190","1","21, 20"
"28455","1","43, 30"
"28406","1","1"
"9239","1",""
"28297","1","31"
"28368","1","23"
"28465","3","4"
"28144","1","15"
"28112","1","15"
"28424","1","29"
"28475","1","23"
"28466","1","15"
"28448","1","35,"
"28467","1","4"
"28056","1",""
"28326","1","29"
"28471","1","4"
"28446","1","27"
"28469","1","30, 43"
"27924","1","15,"
"28462","1","27"
"28269","1","31"
"28477","1","43, 30"
"28476","1","20"
"28464","1","27"
"28087","1","15"
"28437","1","35,"
"28331","1","15,"
"28356","1","4"
"28481","1","30, 43"
"28482","1","23"
"28354","1","31"
"28484","1","4"
"28490","1","15"
"28501","1","30, 43"
"28483","1","31"
"28493","1","23"
"28470","1","29"
"28499","1",""
"28513","1","20"
"28514","1","35,"
"28457","1","31"
"28141","1","15,"
"28500","1","30, 43"
"28141","11","15,"
"28411","1","15"
"28232","1","29"
"28407","1","15,"
"28407","11","15,16,"
"22008","1","4, 23"
"28492","1","30, 43"
"28525","1","1"
"28434","1","1"
"28458","1","15"
"28521","1","20"
"28473","1","31"
"28518","1","35,20"
"28480","7","15"
"28504","2","21"
"28497","1","23"
"28489","1","30, 43"
"28456","1",""
"28537","1","4"
"28036","2","35,"
"28181","2","35,"
"28531","1","23"
"28281","1",""
"28543","1","1"
"28517","1","35,"
"28226","2","20"
"28522","3","1"
"28529","1","21, 27"
"28539","1","4"
"28510","1","31"
"28502","1","29"
"28472","1",""
"28527","3","21"
"28547","3","23"
"27815","2","20"
"28560","1","23"
"28549","1",""
"28564","1","4"
"28562","1","21, 27"
"28541","1","31"
"28554","1","23"
"28511","11","1,"
"28511","1","1,"
"28558","1",""
"28463","1","35,"
"28542","1","43, 30"
"28546","1","31"
"28566","1","29"
"28548","1","20"
"28528","1","23"
"28261","1","20,"
"28509","1","21, 27"
"28593","1","23"
"28509","2","21,"
"28576","1","43, 30"
"28561","1",""
"28271","1","15,"
"28031","1","26,"
"28598","11","23"
"28598","1","23,"
"28552","1","1,4,"
"28604","1","23"
"28581","1","30, 43"
"28573","1","31"
"28607","1","1,4,"
"28505","2","20"
"28571","1","23"
"28601","1",""
"28587","1","31"
"28583","1","1, 23"
"28578","1","31"
"28579","1",""
"28603","1","20"
"28488","1","31,"
"28605","1","31"
"28574","1",""
"28624","1","20"
"28609","1",""
"28589","1",""
"28398","1","31"
"28556","1","20"
"28387","1","31"
"28637","1","31"
"28634","1","31"
"28586","2","30, 43"
"28617","1",""
"28618","1","43, 30"
"28623","1","31"
"28620","1",""
"28616","1","31"
"28633","1",""
"28630","1","30, 43"
"28512","1","30, 43"
"28635","1","31,"
"28441","2","20"
"28638","1",""
"28563","2","35,27"
"28584","1","31"
"28631","1","30, 43"
"28496","1",""
"28565","1","31"
"28656","1",""
"28639","1","30, 43"
"28203","1","20,30,43,"
"28653","2","30, 43"
"28661","1","31"
"28646","2",""
"28655","1",""
"28647","1","31"
"28660","3","20"
"28641","1","30, 43"
"28657","1",""
"28686","1","31"
"28676","1",""
"28690","1",""
"28704","1",""
"28658","1","31,"
"28203","11","20,30,43,"
"28666","1",""
"28680","1",""
"28698","3","30, 43"
"28651","1","31"
"28674","1","21"
"28685","1","35,"
"28699","3",""
"28668","1","30, 43"
"28720","2","1, 15"
"28567","1",""
"28705","1","31"
"28687","1",""
"28681","1","21"
"28708","1",""
"28727","3","21"
"28702","1","31"
"28695","1",""
"28706","7",""
"28701","1","21"
"28667","1",""
"28716","1","21"
"28689","2","35,27"
"28714","1","31"
"28736","1","21"
"28645","2","21"
"28718","1",""
"28711","3","31"
"28692","1","35,27"
"28719","1","31"
"28590","7","21"
"28591","7","21"
"28707","1","30, 43"
"28739","1","35,27"
"28717","1","31"
"28696","1",""
"28670","1","21"
"28351","1",""
"28758","1","21"
"28724","1","31"
"28746","1","21"
"28741","1","30, 43"
"28652","1",""
"28749","1","31"
"28766","1",""
"28745","1","21"
"28752","1","30, 43"
"28738","1",""
"28753","1","31"
"28694","1",""
"28761","1","21"
"28769","1",""
"28763","1","21"
"28756","1","31"
"28764","1","21"
"28760","1","30, 43"
"28779","1",""
"28770","1","43, 30"
"28774","1","20"
"28754","1","31"
"28750","1","21"
"28776","1","27,35,"
"28636","1","21"
"28732","1","31"
"28703","1",""
"28773","1","20"
"28765","1","21"
"28771","1","31"
"28757","1",""
"28778","1",""
"28781","1","30,43,"
"28772","3","31"
"28729","1",""
"28650","1","31"
"28794","1","30, 43"
"28740","1",""
"28790","1","4"
"28787","1","30, 43"
"28792","1","4"
"28796","1","30, 43"
"28789","1",""
"28797","1",""
"28788","1","31"
"28519","1","21, 27, 20"
"28798","1","4"
"28642","1","30, 43"
"28585","1",""
"28801","1",""
"28800","1","43, 30"
"28725","1","31,"
"28803","1","31"
"28814","1","31,"
"28804","1","4"
"28817","1","4"
"28813","1",""
"28815","1","31"
"28806","8","30,43,"
"28820","1",""
"28791","1","4"
"28710","2","4"
"28823","1","31"
"28828","1",""
"28516","2","35,"
"28830","1",""
"28759","2","21,"
"28808","1","31,"
"28834","1","4"
"28713","1","30, 43"
"28819","1","21,"
"28839","1","31"
"28840","1","21, 27"
"28810","1","35,"
"28842","1",""
"28836","1","30, 43"
"28810","11","4,35,"
"28799","2","4"
"28847","1",""
"28843","1","31"
"28812","1","30, 43"
"28845","1","31"
"28859","1","1, 21"
"28849","1",""
"28838","1","4"
"28851","1","30, 43"
"28857","1","21, 27"
"28852","2","35,"
"28767","2","31"
"28802","1","4"
"28841","1","29, 20"
"28826","2","30, 43"
"28807","1","31"
"28841","2","20,29,"
"28855","1",""
"28827","1",""
"28864","1","21, 27"
"28821","1","31"
"28854","1","30, 43"
"28844","1","4"
"28867","3","21, 27"
"28869","1","29, 20"
"28846","1","31"
"28822","1","4"
"28837","3","31"
"28872","1","43, 30"
"28868","1","35,"
"28866","1","4"
"28863","1","31"
"28870","1","31"
"28865","1","30, 43"
"28848","7","31"
"28862","1","4"
"28875","1","31"
"28877","1","4"
"28876","1","4"
"28873","1","4"
"28871","1","4,"
"28874","1","43"
"28878","1","4,48,"
"28831","11","4,30,31,"
"28831","1","4,"
"28893","1","31"
"28890","1","4,48,"
"28882","1","27,29,"
"28899","3","4,48,"
"28880","1","21"
"28889","1","21"
"28892","1","30, 43"
"28891","1","27,35,"
"28895","1","27,29,35,"
"28903","1","4,48,"
"28898","1","27,35,"
"28906","1","31"
"28905","1","30, 43"
"28908","1","4,48,"
"28910","1","43, 30"
"28914","1","21"
"28914","8","21,"
"28909","1","31"
"28912","1","4,48,"
"28888","2","27,35,"
"28921","1","4,48,"
"28887","1","21"
"28861","1","31"
"28860","1","4,48,"
"28920","1","27,29,35,43,"
"28922","1","31"
"28911","11","21,"
"28923","1","31"
"28933","1","21"
"28924","1","4,48,"
"28929","1","31"
"28938","1","30,35,43,"
"28928","1","4,48,"
"28931","1",""
"28940","1","31"
"28950","1","4,48,"
"28930","1","31"
"28949","1","4,48,"
"28948","1","29, 27"
"28953","1",""
"28952","1","4,48,"
"28951","1","31"
"28954","1","4,48,"
"28946","1","31"
"28961","1",""
"28963","1","15, 1"
"28964","3","31"
"28960","1","15, 1"
"28966","3","31"
"28965","1","15, 1"
"28962","7","31"
"28968","3","31"
"28957","2","29"
"28956","11","21,"
"28973","8","1, 35, 48, 49"
"28969","1","21, 48"
"28850","2","4"
"28900","2","30,43,"
"28971","1","31"
"28974","1","29"
"28958","2","27, 35"
"28970","1","31"
"28947","2","29"
"28980","1",""
"28987","1",""
"28884","2","1,4,27,"
"28983","3","29"
"28976","1","31"
"28981","1",""
"28977","2","29"
"28985","1","31"
"28993","1","31"
"28986","1","31,"
"28982","2","4, 48"
"28919","2","35, 21"
"28990","1","30, 43"
"28991","1","31,"
"28955","2","29"
"28996","1","31"
"28992","1","4, 48"
"29000","1","31"
"28995","1",""
"28997","1","29"
"29006","1","15, 21"
"28994","2","4, 48"
"29007","1","31"
"29009","3","30, 43"
"29010","1","29"
"29002","1","31"
"28943","1","30, 43"
"29003","1","31"
"29013","1","31"
"29011","1","30, 43"
"29014","1","15, 35"
"29016","8","15, 35"
"29017","1","15,35,"
"29008","2","35"
"29018","1","30,43,"
"29021","1","35"
"29020","1","31"
"29027","1","4, 48"
"29023","1",""
"29026","1","31"
"28979","2","21, 27"
"29028","1","30, 43"
"29022","1","35,"
"29022","8","35,"
"29035","1","4, 48"
"29033","7","35"
"29032","1","31"
"29034","1","4, 48"
"29031","1",""
"29036","1","31"
"29038","1","35"
"29043","4","21, 27"
"29041","1","4, 48"
"29019","1","31"
"29037","1",""
"29030","1","31"
"29051","14","1, 4"
"29052","1","35"
"29050","14","30,"
"29052","11","35,"
"29040","1","31,"
"29048","14","30,43,"
"28937","2","21, 27"
"29047","14","30,43,"
"29054","1","31"
"29039","1","31"
"29053","1",""
"29064","1","35"
"29046","1","31,"
"29069","1","35"
"29066","1","4, 27"
"29049","14","31"
"29045","1","43, 30"
"29056","1","31"
"29059","1",""
"29061","1","31"
"29077","1","4, 27"
"29067","1","35"
"29068","3","31"
"29063","1","30, 43"
"29083","3","35"
"29072","1",""
"29062","1","31"
"29070","1","35"
"29068","1","31,"
"29085","1","4, 27"
"29086","3","31"
"29079","1","35"
"29078","1",""
"29076","1","21, 48"
"29088","1","4, 27"
"29075","1","21,48,"
"29073","1","21, 48"
"29082","1","35"
"29084","3","21, 48"
"29092","1",""
"29090","1","35"
"29080","3","4, 27"
"29095","1","21, 48"
"29098","1","1, 29"
"29100","1","31"
"29087","1","43, 30"
"29089","1","35"
"29102","1","4, 27"
"29093","1","21, 48"
"29097","1","31"
"29094","1",""
"29107","1","1, 29"
"29103","1","4, 27"
"29109","1","21, 48"
"29099","1","4, 27"
"29091","1","31"
"29110","1","21, 48"
"29111","1","21, 48, 31, 30"
"29065","1","4,27,"
"29065","11","4,27,"
"28984","11","30,31,43,"
"29081","3","1,29,"
"28917","2","48, 21"
"29104","3","43, 30"
"29042","2","21, 48"
"29074","2","29"
"29112","3","31,"
"29115","1","31"
"29118","3","21, 48"
"29119","1",""
"29120","1","21, 48"
"29113","2","29"
"29114","3","29"
"29123","1","1, 27, 4"
"29123","11","1,4,27,"
"29125","1","31"
"29126","1","35, 15"
"29130","1",""
"29129","1","31"
"29128","2","29"
"29137","1",""
"29139","1","31"
"29131","11","21,29,48,"
"29131","1","21,29,48,"
"29140","1","21, 48"
"29142","1","29"
"29138","1","35, 27, 4"
"29144","1","31"
"29146","1","30, 43"
"29143","3","29"
"29135","1","21, 48"
"29145","1","31"
"29147","1",""
"29149","1","31"
"29154","1","43, 30"
"29150","1","31"
"29153","1","43, 30"
"29165","1","35, 27"
"29171","1","35, 27"
"29161","1","35, 27"
"29152","1","31"
"29167","1","4, 21"
"29173","1","15, 1"
"29164","1","48, 29"
"29159","1",""
"29168","1","35, 27"
"29127","1","1, 4, 15, 16, 20, 21, 23, 35, 27, 29, 30, 31, 43, 48, 49"
"29169","1","15, 1"
"29178","1","21, 4"
"29172","1","35, 27"
"29182","1","48, 29"
"29177","1","1, 15"
"29155","1","43, 30"
"29187","1","4, 21"
"29170","1","1, 15"
"29176","1","35, 27"
"29189","1","1, 15"
"29179","1","48, 29"
"29184","1","35, 27"
"29162","1","4,21,"
"29186","1","4, 21"
"29175","1","43, 30"
"29185","1","35, 27"
"29180","1","1, 15"
"29191","1","31"
"29190","1","21, 29"
"29192","1","43, 30"
"29193","1","48"
"29124","7","48"
"28755","2","31"
"29195","1","48"
"29156","2","21"
"29199","1","31"
"29201","1","48"
"29207","1","30,43,"
"29205","1","48"
"29208","1","21, 29"
"29210","1","48"
"29209","1","30,43,"
"29212","2","48,"
"29214","1","1, 4"
"29215","1","21, 29"
"29160","2","31"
"29217","11","48,"
"29220","1",""
"29219","1","4, 15"
"29213","1","43, 30"
"29223","1","48"
"29230","1","21, 35"
"29206","1","21,29,"
"29227","1","31"
"29211","1","48"
"29228","1","35, 21"
"29226","1","48,"
"29218","2","31"
"29231","1","4, 27"
"29234","1","35, 21, 29"
"29229","1","31"
"29183","1","48"
"29238","1","4, 27"
"29247","1","35, 21, 29"
"29233","1","35, 21, 29"
"29221","1","43, 30"
"29237","1","48"
"29244","1","4,27,"
"29240","1","21, 29, 35"
"29248","1","48"
"29242","1","30, 43"
"29235","1","31"
"29241","2","21, 29"
"29246","1","31"
"29243","1","43, 30"
"29252","1","21, 29"
"29250","1","31"
"29255","1","48"
"29253","4","48"
"29256","1","43, 30"
"29254","1","21,29,"
"29251","2","27,29,"
"29257","1",""
"29262","1","1, 31"
"29258","3","1, 31"
"29197","1","30, 43"
"29261","1","29,48,"
"29263","1","35, 48"
"29264","8","30,31,"
"29269","1","20"
"29260","1","20"
"29268","1","35, 48, 29, 27"
"29271","1","30, 43"
"29273","1","20"
"29280","1","43, 30"
"29281","1","20"
"29282","1","43, 30"
"29267","2","29,48,"
"29290","1","29, 48"
"29291","1","20"
"29289","1","30, 43"
"29277","1","4,"
"29284","1","30, 43"
"29294","1","20"
"29295","1","20"
"29296","7","31"
"29300","1","31"
"29298","1","30, 43"
"29299","1","31"
"29275","3","20"
"29308","8","29,48,"
"29310","3","30"
"29306","1","29,48,"
"29307","1","21, 27"
"29303","1","31"
"29312","1","21, 27"
"29309","1","30"
"29292","2","31"
"29288","7","20"
"29301","1","20,"
"29313","1","30"
"29272","2","31"
"29315","1","21, 27"
"29317","3","20"
"29286","1","30"
"29318","1","21, 27"
"29321","1","48, 29"
"29324","1","21, 27"
"29323","1","31,"
"29330","1","30"
"29335","1","20"
"29336","1","48, 29"
"29332","1","30"
"29338","1","21, 27"
"29331","1",""
"29337","1","29, 48"
"29329","2","48, 29"
"29339","1","48, 29"
"29341","1","30"
"29343","8","21,"
"29344","1","20, 27"
"29319","1","27, 48"
"29348","4","27, 48"
"29355","1","20"
"29302","2","48, 29"
"29283","2","30"
"29347","1","27, 35"
"29353","1","21,"
"29353","11","21,"
"29356","8","20,21,"
"29351","4","20"
"29360","1","21"
"29346","1","27, 35"
"29368","4","30"
"29367","1","35, 27"
"29362","2","21"
"29372","1","31"
"29359","1","30, 43"
"29371","1","30, 43"
"29366","2","30, 43"
"29381","1","21, 27"
"29385","3","20, 48"
"29382","7","31"
"29379","1","35,48,"
"29391","1","20, 48"
"29370","1","30, 43"
"29373","1","35"
"29305","2","21, 27, 48, 20"
"29386","1","30, 43"
"29393","1","31"
"29386","8","30,43,"
"29393","8","31,"
"29350","2","31"
"29392","1","30, 43"
"29388","2","20, 21, 27"
"29397","2","48, 29"
"29376","2","31"
"29394","1","30, 43"
"29399","2","35"
"29400","1","30, 43"
"29375","2","29, 20"
"29402","2","21, 27"
"29401","1","48, 49"
"29380","1","49, 43"
"29408","1","31"
"29406","1","30,43,"
"29404","1","31"
"29410","1",""
"29411","1","43, 49"
"29412","1","31"
"29374","2","49, 43"
"29384","2","31"
"29405","2","31"
"29415","1","48"
"29416","11","48,"
"29419","1","49, 43"
"29409","2","49, 43"
"29407","2","48"
"29320","2","20"
"29420","2","48"
"29421","1","43,49,"
"29417","1","49, 43"
"29423","1","21,29,"
"29425","1","49, 43"
"29422","1","49, 43"
"29430","3","48"
"29413","1","43,49,"
"29432","1","1,29,"
"29426","1","49, 43"
"29424","1","31,"
"29437","1","20, 48"
"29436","2","1, 21"
"29438","1","49, 43"
"29440","1","15, 1"
"29433","1","31"
"29441","1","35,"
"29435","1","43,49,"
"29434","1","49, 43"
"29442","1","49, 43"
"29458","1","48"
"29456","1","31,"
"29390","2","1,"
"29455","1","1, 20"
"29462","1","31,"
"29446","1","1, 20"
"29474","1","48"
"29444","2","21, 29"
"29464","1","31"
"29457","1","4, 20"
"29460","1","4, 20"
"29491","1","48"
"29488","1","29, 21"
"29468","1","31"
"29481","1","1, 15"
"29471","1","4, 20"
"29466","1","31"
"29477","1","4, 20"
"29465","1","15, 1"
"29452","1","49, 43"
"29493","1","15, 1"
"29489","1","29, 21"
"29480","1","31"
"29485","1","4, 20"
"29472","1","1, 15"
"29497","1","21, 29"
"29495","1","20, 4"
"29482","1","15, 1"
"29469","1","31,"
"29476","1","1, 15"
"29494","1","29, 21"
"29483","1","4, 20"
"29499","1","4, 20"
"29490","1","1, 15"
"29501","1","21, 29"
"29448","2",""
"29506","1","31"
"29512","1","1, 15"
"29511","1","1,15,"
"29513","1","1,15,"
"29514","1","29, 21"
"29517","1","31"
"29518","1","1, 15"
"29515","1","31"
"29524","1","4, 20"
"29519","1","1, 15"
"29507","1","21, 29"
"29520","1","4, 20"
"29521","1","29, 21"
"29510","1","31"
"29498","2","48"
"29467","1","4,20,31,48,"
"29467","11","4,20,31,48,"
"29526","1","31"
"29525","1","48"
"29478","1","48"
"29527","1","31"
"29500","2","21"
"29529","1","21"
"29531","1","21"
"29516","1","49,"
"29528","1","29, 48"
"29535","8","21"
"29522","2","21"
"29537","1","21,"
"29538","1","31, 43"
"29532","2","48, 29"
"29487","1","21"
"29541","1","48, 29"
"29539","2","49, 20"
"29403","2","48, 29"
"29530","2","21"
"29496","2","20, 49"
"29449","1","35, 43, 31"
"29543","1","21"
"29548","1","21"
"29547","8","31,"
"29545","1","35, 31, 43"
"29549","1","48, 29"
"29550","1","43, 31"
"29553","1","48, 29"
"29552","1","20"
"29555","1","31, 43"
"29554","1","20"
"29558","1","20"
"29556","1","31, 43"
"29504","2","20"
"29561","1","20"
"29564","1","31, 43"
"29566","1","49, 35"
"29445","2","20"
"29568","2","20"
"29560","3","20"
"29575","3","49, 43"
"29562","2","31"
"29559","2","20"
"29567","1","31"
"29573","4","20,"
"29569","1","48,"
"29546","2","20"
"29565","2","31,"
"29583","1","49, 43"
"29584","1","35, 48"
"29582","1","20"
"29587","1","20"
"29578","1","31"
"29572","2","35, 48"
"29588","1","31"
"29590","1","20"
"29591","1","31"
"29594","1","15, 1"
"29595","8","31"
"29544","1","20, 48, 21"
"29597","4","31"
"29596","1","20, 21, 48"
"29596","8","20,21,48,"
"29589","1","31"
"29600","1","49, 43"
"29602","1","49, 43"
"29603","1","21, 20"
"29599","2","31"
"29607","1","31"
"29608","8","31"
"29574","2","31"
"29611","2","21, 20"
"29610","1","21, 20"
"29618","1","31"
"29620","1","31"
"29621","1","21, 20"
"29601","1","43, 49"
"29623","1","31"
"29625","1","31"
"29605","2","21, 20"
"29628","1","21, 20"
"29613","1","43, 49"
"29627","1","31"
"29629","1","21, 20"
"29635","1","1, 48"
"29604","1","43, 49"
"29631","1","21, 20"
"29636","1","31"
"29638","1","31"
"29634","1","31"
"29639","1","31"
"29641","1","31"
"29630","1",""
"29643","1","20, 48"
"29644","1","49"
"29646","3","31"
"29624","1","1,48,"
"29649","1","31"
"29642","1","20,48,"
"29648","1","20, 48"
"29633","8","31,51,"
"29616","7","21, 29"
"29622","3","29, 21"
"29654","1",""
"29651","1","31, 20, 48"
"29655","1","49"
"29653","1","20, 31, 48"
"29659","2","1, 15, 31"
"29657","3",""
"29658","1","31"
"29656","1",""
"29652","1","20, 48"
"29660","1","31"
"29663","4","29, 21"
"29661","2",""
"29592","7","48,"
"29647","1","29, 21"
"29579","2","31"
"29662","1","1,"
"29598","1","49"
"29577","7","21, 29"
"29667","3","48, 20"
"29665","1","49"
"29668","1","48, 20"
"29666","1","49"
"29670","1","48, 20"
"29632","2","29, 21"
"29674","1","15, 35, 21, 29"
"29673","1","48, 20"
"29617","7","29, 21"
"29664","2","31"
"29619","1",""
"29677","1","20, 48"
"29680","1",""
"29683","1","29, 21, 35"
"29684","1","48, 20"
"29678","1","31"
"29681","1",""
"29675","1","35, 21, 29"
"29679","1","31"
"29671","1",""
"29685","1","31"
"29687","1","31,"
"29688","1","1, 15"
"29637","7","48, 29"
"29689","3","20, 21"
"29691","1","31,"
"29690","1","21, 20"
"29695","1","51,"
"29694","1","54, 49"
"29696","1","51, 52"
"29699","1","51, 52"
"29698","1","51, 52"
"29700","1","31"
"29697","1","51, 53"
"29702","8","54, 49"
"29692","2","21, 20"
"29706","1","29, 48"
"29703","1","51, 53"
"29707","4","21, 20"
"29701","1","20, 21"
"29710","1","31, 51, 52, 53"
"29712","1","20, 21"
"29708","7","51, 53"
"29714","1","43, 49"
"29719","1","31, 53"
"29713","1","43, 49"
"29720","1","49, 43"
"29721","3","31,"
"29722","3","31, 53"
"29723","1","31, 53"
"29704","2","31, 54"
"29730","1","52"
"29725","1","29, 48"
"29727","1","51, 43"
"29731","1","29, 48"
"29729","3","52,"
"29733","1","31, 54"
"29726","2","29, 48"
"29734","1","48, 29"
"29738","8","29,31,48,52,53,54,"
"29732","3","21,35,"
"29686","7","21, 35"
"29737","2","48, 52"
"29724","2","21, 35"
"29718","2","31, 53"
"29740","1","48, 52"
"29744","1","21, 35"
"29743","3","48, 52"
"29716","2","35, 21"
"29747","1","51"
"29750","3","1,"
"29752","1","31, 53"
"29728","2","21, 35"
"29715","2","21, 35"
"29755","1","21, 35"
"29754","1","31,"
"29758","1","31, 54"
"29756","1","29, 48"
"29751","1","54, 52"
"29753","2","21, 29"
"29760","1","51"
"29761","1","51"
"29762","1","31"
"29757","1","51"
"29763","1","31"
"29764","1","52, 54"
"29765","3","48, 29"
"29768","1","31"
"29769","1","52, 54"
"29705","7","29, 48"
"29766","1","53,"
"29772","1","51"
"29775","1","21, 53"
"29746","2","31"
"29776","1","21, 53"
"29779","1","31"
"29774","1","21, 48, 54, 53, 29"
"29781","1","31"
"29771","2","54, 52"
"29782","1","31"
"29784","1","52, 53"
"29789","1","51"
"29780","2","48, 21"
"29759","1","52,54,"
"29777","1","31,55,"
"29790","1","51"
"29791","4","54, 52"
"29793","1","52, 54"
"29794","4","52, 54"
"29795","2","54, 52"
"29796","1","21, 29"
"29801","1","54, 52"
"29798","1","51"
"29788","1","51"
"29799","1","51"
"29802","1","51"
"29804","1","51"
"29800","1","31,55,"
"29806","1","51"
"29808","1","51"
"29809","1",""
"29787","2","31,54,55,"
"29788","11","51,"
"29807","2","31,55,"
"29792","2","53, 52"
"29817","3","51"
"29819","1","35, 21"
"29797","2","29, 48"
"29823","4","21, 35"
"29822","1","31,55,"
"29825","1","51,"
"29818","7","29, 48"
"29778","1","35, 21"
"29826","1","31,55,"
"29813","2","31,55,"
"29824","4","21, 29, 48"
"29830","1","51"
"29832","1","51"
"29833","1","21, 48, 29"
"29831","7","21, 35"
"29827","7","48, 29"
"29839","1","29, 48"
"29840","4","21, 35"
"29842","3","51,"
"29843","1","48, 35"
"29845","1","31,53,55,"
"29847","1","54, 52"
"29836","1","31,55,"
"29844","2","54,"
"29838","7","21, 48"
"29837","2","31,55,"
"29850","1","51"
"29851","1","31,53,55,"
"29852","1","31,55,"
"29859","3","31, 53"
"29860","1","52, 54"
"29857","1","31, 53"
"29855","1","21, 35"
"29858","1","31,53,55,"
"29861","1","54, 52"
"29862","1","48, 29"
"29866","1","29, 48"
"29865","1","52, 54"
"29867","3","31, 53"
"29869","1","52,53,"
"29871","1","51"
"29872","1","31,55,"
"29870","1","54, 52"
"29879","1","31,55,"
"29880","1","31,55,"
"29878","1","54, 52"
"29884","3","31, 53"
"29882","1","54, 52"
"29886","1","1,15,"
"29887","1","31,55,"
"29903","3","51"
"29883","1","54, 52"
"29900","1","51"
"29897","1","31,55,"
"29896","1","31,55,"
"29904","3","31,55,"
"29902","1","15, 51"
"29901","3","1, 29, 52"
"29906","3","51"
"29899","1","35"
"29905","3","1,29,52,"
"29888","1","1,35,52,"
"29888","11","1,35,52,54,"
"29876","1","52,53,"
"29889","1","1,35,52,54,"
"29889","11","1,35,52,54,"
"29881","1","1, 52"
"29899","11","35,54,"
"29907","1","29"
"29909","1","31,55,"
"29910","1","1, 52"
"29916","1","1, 52"
"29918","1","31,55,"
"29917","1","1, 52, 29"
"29908","1","31,55,"
"29911","1","51,"
"29912","1","53, 35"
"29919","1","1, 52, 29"
"29924","3","51,"
"29914","1","1, 52, 29"
"29928","1","21, 48"
"29926","1","1, 52, 29"
"29930","1","31,55,"
"29933","1","15"
"29936","1","21, 48"
"29923","1","53,"
"29927","1","1,29,52,"
"29941","1","51,"
"29943","1","1, 52, 29"
"29934","1","35, 53"
"29929","1","15"
"29934","11","35,54,"
"29937","1","31,55,"
"29942","1","1, 52, 29"
"29945","1","21, 48"
"29946","1","31,55,"
"29947","1","15"
"29938","1","1, 29, 52"
"29948","1","1,29,52,"
"29950","1","1, 29"
"29915","7","35"
"29935","11","1,29,52,54,"
"29940","2","31,55,"
"29952","1","1, 29"
"29864","2","21, 48"
"29949","1","51"
"29939","2","31,55,"
"29958","1","1, 29"
"29957","1","51"
"29954","1","48, 35, 21"
"29960","1","1, 29"
"29944","2","21, 35, 48"
"29921","1","15,31,52,53,54,55,"
"29921","11","15,31,52,53,54,55,"
"29963","1","1, 29"
"29956","1","51"
"29964","1","21, 48"
"29955","1","51"
"29961","11","53,"
"29970","1","31,55,"
"29972","1","1, 54"
"29969","7","29, 21"
"29959","7","48, 54"
"29973","1","31,55,"
"29962","7","52, 53"
"29981","4","31,55,"
"29979","1","51"
"29977","2","21, 54"
"29983","1","31,55,"
"29982","1","53, 52"
"29984","1","31,55,"
"29985","1","51"
"29966","1","31,55,"
"29988","1","52, 53"
"29989","2","31,55,"
"29994","1","51"
"29975","2","21, 54"
"29995","1","51"
"29992","1","51"
"30001","1","51"
"29998","1","52, 53"
"29993","1","51"
"30004","1","31,55,"
"29997","1","51"
"29999","2","53, 52"
"30009","1","31,55,"
"7216","11","15,"
"30006","1","53, 52"
"30007","1","21, 54"
"30011","1","53,"
"30010","1","31,55,"
"30003","1","52, 53"
"29986","2","21,48,"
"30014","1","51"
"30008","2","31"
"30020","1","51"
"30019","1","31"
"30021","1","51"
"30016","1","51"
"29967","7","31"
"29931","2","31,55,"
"29980","7","52,55,"
"30023","1","31,55,"
"30027","1","51"
"30018","4","31"
"30032","1","51"
"30025","1","52,55,"
"30035","1","51"
"30036","1","31,55,"
"30037","3","51"
"30041","3","51"
"30038","1","31, 53"
"30033","1","52,55,"
"30039","1","31, 53"
"30030","7","31, 53"
"30045","1","51,"
"30044","1","52,55,"
"29863","7","21"
"30047","3","52,55,"
"29856","1","21, 48"
"30040","1","31, 53"
"30031","8","21, 48"
"30049","1","52,55,"
"30062","1","31, 53"
"30063","1","29, 54"
"30050","1","51"
"30065","1","51"
"30054","1","51"
"30067","1","31, 53"
"30052","7","29, 48"
"30061","1","52,55,"
"30076","1","54,"
"30071","1","31, 53"
"30068","1","30, 54"
"30078","1","52,55,"
"30069","1","31, 53"
"30077","1","51,"
"30081","1","31, 53"
"30085","1","15, 53"
"30083","3","31, 54"
"30066","1","51"
"30088","1","1,21,"
"30084","1","52,55,"
"30091","1","31, 53, 54, 30"
"30058","1","51"
"30090","1","31, 53"
"30092","1","31, 53"
"30089","1","52,55,"
"30086","8","52,55,"
"30057","2","54, 30"
"30094","1","21, 29"
"30095","1","54, 30"
"30097","1","31, 53"
"30096","1","30, 54"
"30073","1","52,55,"
"30102","1","21,29,"
"30087","1","51"
"30098","3","54, 30"
"30073","11","52,55,"
"30099","1","31, 53"
"30072","1","48, 53"
"30106","1","30, 54"
"30105","1","52,55,"
"30104","1","1, 29"
"29812","3","48, 53"
"30029","2","21,"
"30125","3","52,"
"30111","8","15, 35"
"30121","1","54, 30"
"30127","8","15, 35"
"30117","1","54, 30"
"30134","8","15, 35"
"30119","1","54, 30"
"30131","1","15, 35"
"30138","1","30, 54"
"30122","1","48, 53"
"30128","1","1, 29, 53, 48"
"30113","1","15, 35"
"30130","1","51"
"30136","1","52"
"30133","1","1, 29"
"30115","1","54, 30"
"30140","1","48, 53"
"30110","1","15, 1, 35, 29"
"30141","8","48"
"30139","1","52"
"30051","2","51"
"30143","1","48, 53"
"30148","1","1, 29"
"30135","1","54, 30"
"30151","1","1, 29"
"30126","3","52,"
"30153","1","1, 29"
"30142","1","52"
"30144","1","51"
"30100","1","54, 30"
"30149","1","54, 30"
"30155","7","21,"
"30154","1","30, 54"
"30156","8","1, 29"
"30147","1","1, 29"
"30161","1","21, 48, 35"
"30172","1","31, 53"
"30075","2","1, 29"
"30176","1","21, 48"
"30170","1","51"
"30164","1","1, 29"
"30175","1","54, 30"
"30179","1","31, 53"
"30173","1","54, 30"
"30180","1","21, 48"
"30182","1","54, 30"
"30013","2","30, 54"
"30178","3","52,"
"30160","1","31,54,"
"30177","1","21, 48"
"30169","1","51"
"30193","1","21, 48"
"30165","2","31, 52"
"30196","1","54, 30"
"30195","8","30,"
"30171","1",""
"30112","2","31, 52"
"30185","11","55,"
"30206","1","21, 48"
"30203","1","54, 30"
"30207","3","51"
"30188","1","31, 53, 52, 55"
"30209","3","54, 30"
"30201","1","51"
"30210","1","30, 54"
"30211","1","31, 52"
"30212","1","31, 52"
"30199","1","51"
"30213","1","31, 54"
"30215","1","31, 54"
"30214","1","31, 54"
"30197","8","29,35,"
"30146","2","31, 54"
"30200","11","31,52,55,"
"30107","2","52,55,"
"30168","7","21, 35"
"30162","2","52, 55"
"30187","2","30,"
"30137","2","29, 48"
"30216","1",""
"30222","1","52,"
"30227","1","31, 54"
"30228","1","51"
"30226","1","52,55,"
"30225","1","55, 52"
"30232","1","55, 52"
"30229","1","31, 54"
"30220","2","30, 53"
"30163","1","51"
"30181","2","21, 29, 48"
"30233","1","52, 55"
"30234","1","31, 54"
"30236","1","31, 54"
"30237","1","53, 30"
"30238","1","52, 55"
"30240","1","31, 54"
"30244","1","30, 53"
"30242","3","51"
"30241","1","31, 54"
"30243","1","52, 55"
"30250","1","52, 55"
"30243","8","52,55,"
"30239","1","52,55,"
"30248","8","52,55,"
"30247","1","31, 54, 53"
"30218","7","21,"
"30255","1","31, 54, 52"
"30219","2","29, 48"
"30249","1","51"
"30253","1","31, 54, 52"
"30263","1","53, 55"
"30245","2","55, 53"
"30223","2","31, 54"
"30012","2","21, 29"
"30260","1","30,51,52,"
"30261","8","51, 30"
"30256","1","51, 30"
"30268","1","31, 54"
"30269","1","55, 53"
"30265","1","51, 30"
"30258","1","51,"
"30254","2","31, 54"
"30191","1",""
"30259","1","30,51,52,"
"30251","2","29, 48"
"30143","11","48,53,"
"30272","1","53,"
"30277","1","29, 48"
"30279","1","21, 35"
"30267","1","51, 30"
"30280","1","51, 52"
"30282","1","31, 53"
"30281","1","52, 51, 30"
"30266","1","30"
"30285","1",""
"30167","2","53, 55"
"30285","8","30,52,"
"30289","1","31, 54"
"30286","1","51"
"30292","1","53, 55"
"30290","1","51"
"30294","1","31, 54"
"30292","11","54,55,"
"30295","1","21, 48"
"30273","2","55, 53"
"30296","1","31,"
"30271","1","30, 52"
"30297","1","21,"
"30298","1","55, 53"
"30287","3","51"
"30293","2","55, 53"
"30301","1","31, 54"
"30302","8","21"
"30303","1","55, 53"
"30305","3","31, 54"
"30306","3","52, 30"
"30307","3","21,"
"30310","1","21, 29, 48"
"30311","1","31, 54"
"30299","1","30, 52"
"30315","3","21, 35"
"30314","1","51"
"30309","1","29, 48"
"30312","1","29, 48"
"30316","1","31, 54"
"30317","1","30, 52"
"30318","1","31, 54"
"30320","1","31, 54"
"30319","2","55, 53"
"30319","1","55,"
"30321","4","55, 53"
"30322","1","31,56,58,"
"30324","1","54, 55"
"30327","1","51, 52"
"30326","1","31,53,56,58,"
"30323","3","30,"
"30328","1","55, 54"
"30325","1","31,53,56,58,"
"30330","1","30"
"30150","2","30"
"30332","1","31,54,56,58,"
"30230","2","55"
"30331","2","55, 53"
"30308","2","29, 48, 21"
"30334","1","31,54,56,58,"
"30333","3","55, 53"
"30335","1","31,56,58,"
"30337","1","48, 29, 21"
"30338","1","21, 48, 29"
"30340","1","55, 53, 54"
"30336","1","31,56,58,"
"30345","1","54, 55, 53"
"30350","1","55, 53"
"30339","1","48, 29, 21"
"30341","1","48, 21, 29"
"30342","1","29, 48, 21"
"30343","1","29, 21"
"30348","1","29, 21"
"30352","1","31,56,58,"
"30349","1","21, 29"
"30351","1","55, 53"
"30353","1","55, 53"
"30354","1","51, 55, 53"
"30346","4","55, 53"
"30357","1","29, 48"
"30355","1","31,56,58,"
"30358","1","31,56,58,"
"30361","1","55, 53"
"30362","1","29, 48"
"30364","1","31,56,58,"
"30366","1","31,56,58,"
"30365","1","31,56,58,"
"30363","1",""
"30367","1","31,51,56,58,60,"
"30370","1","51,54,60,"
"30372","1","21, 29, 48"
"30377","1","30"
"30368","1","53, 55"
"30380","1","21, 48"
"30387","1","55, 53"
"30383","1","31,51,56,58,60,"
"30373","1","52"
"30388","1","55,58,"
"30374","2","21, 48"
"30394","1","51,60,"
"30385","11","31,56,58,"
"30371","1","31,56,58,"
"30393","1","21, 48"
"30392","1","21, 48"
"30389","1","29, 35"
"30398","1","51,60,"
"30382","2","31,56,58,"
"30396","1","21, 29"
"30371","11","31,56,58,"
"30402","1","31,56,58,"
"30400","1","53, 54, 52"
"30404","1","31,56,58,"
"30405","1","30,"
"30403","1","30"
"30399","1","31,51,55,56,58,60,"
"30406","1","21, 48"
"30386","2","21, 48"
"30413","1","31,56,58,"
"30412","1","51,60,"
"30411","1","35, 48"
"30401","2","21, 29"
"30410","7","31,56,"
"30408","1","30,"
"30415","1","35, 48"
"30419","1","52, 30"
"30418","2","35, 48"
"30423","1","21, 29"
"30424","1","58, 55"
"30417","2","56, 31"
"30420","2","21, 29"
"30426","1","55, 58"
"30425","1","51, 60"
"30429","1","56, 31"
"30426","11","55,"
"30433","1","30, 52"
"30434","1","31,"
"30435","1","31, 51"
"30436","1","21, 29"
"30443","1","21, 48"
"30444","1","21, 48"
"30441","1","29, 35"
"30440","1","31,51,56,58,"
"30440","11","31,51,56,58,"
"30414","7","21, 48"
"30447","1","29, 35"
"30450","1","51, 55"
"30452","1","21, 48"
"30451","1","1, 35, 29"
"30454","1","1,29,"
"30455","1","1,29,"
"30231","2","21, 48"
"30458","1","35, 29"
"30457","2","21, 48"
"30456","1","21, 48"
"30453","1","31,"
"30449","1","31, 58"
"30439","2","56, 55"
"30445","7","21, 48"
"30442","7","21, 48"
"30422","8","29, 35"
"30460","11","31,51,58,"
"30421","7","21, 48"
"30461","1","30"
"30463","1","21, 48"
"30471","1","21, 48"
"30472","1","48, 51"
"30474","1","55, 58"
"30468","1","21, 29, 48, 51"
"30467","1","21, 51, 48, 29"
"30466","1","29, 48, 51, 21"
"30470","3","29, 21, 48, 51"
"30476","1","55, 58"
"30479","1","21, 51"
"30480","11","31,55,56,58,"
"30483","1","30, 54"
"30484","1","55, 58"
"30489","1","54,"
"30486","1","48, 21, 51"
"30488","1","55, 58"
"30491","1","29, 35"
"30492","1","54, 30"
"30490","1","52, 59"
"30493","1","58,"
"30475","1","31,58,"
"30475","11","31,55,56,58,"
"30427","2","30"
"30495","3","29, 35"
"30487","1","16,21,31,48,51,53,54,55,56,58,"
"30487","11","16,21,31,48,51,53,54,55,56,58,"
"30485","11","21,31,48,56,"
"30498","1","48, 21, 51"
"30499","1","35, 29"
"30473","1","30"
"30497","1","48, 21, 51"
"30465","11","31,51,54,55,56,58,"
"30504","3","21, 51, 48"
"30506","1","21, 48, 51"
"30502","1","29, 35"
"30507","3","58, 55"
"30511","1","35, 29"
"30509","1","56, 31"
"30508","1","59, 52"
"30513","1","59, 52"
"30514","1","31, 56"
"30516","1","52, 59"
"30517","1","56, 31"
"30512","1","16,53,54,"
"30512","11","16,53,54,"
"30477","2","21, 51, 48"
"30477","7","21,"
"30494","7","35, 29"
"30505","2","56, 31"
"30519","1","30"
"30459","2","21, 48, 51"
"30520","1","52,59,"
"30523","1","59, 52"
"30524","1","54, 52"
"30522","1","51, 48, 21, 29"
"30525","1","59, 52"
"30528","1","58, 55"
"30531","1","29, 48, 51, 21"
"30526","1","55, 58"
"30533","1","55, 58"
"30534","1","59, 52"
"30534","11","52,59,"
"30527","1","16,31,53,54,56,"
"30527","11","16,31,53,54,56,"
"30536","1","21, 51"
"30538","3","51, 21"
"30537","11","16,31,53,54,55,56,58,"
"30537","1","16,31,53,54,55,56,58,"
"30540","1","29, 48"
"30541","1","21, 51"
"30496","2","29, 48"
"30547","1","21, 51"
"30545","11","16,54,55,56,58,"
"30546","1","54, 31"
"30550","1","54, 31"
"30553","1","55,"
"30549","1","31, 54"
"30554","1","21, 51"
"30553","11","54,55,56,58,"
"30555","3","29, 48"
"30559","1","29, 48"
"30561","1","21, 51"
"30565","1","29, 48"
"30562","1","52"
"30568","1","21, 51"
"30567","1","53, 31"
"30585","3","29, 48"
"30584","3","29, 48"
"30580","1","21, 51"
"30583","3","29, 48"
"30582","3","29, 48"
"30578","3","29, 48"
"30577","3","29, 48"
"30576","3","29, 48"
"30575","3","29, 48"
"30586","1","31, 53"
"30573","3","29, 48"
"30574","3","29, 48"
"30581","3","29, 48"
"30579","3","29, 48"
"30588","1","55, 56"
"30590","1","56, 55"
"30593","1","29, 48"
"30591","1","31, 58"
"30542","2","30"
"30592","1","31, 58"
"30595","3","55, 56"
"30594","1","21, 35"
"30596","1","29, 48"
"30589","1","31, 58"
"30601","1","55, 56"
"30597","1","30"
"30548","1","21, 35"
"30598","1","29, 48"
"30603","1","21, 35"
"30608","1","51"
"30571","1","30"
"30602","1","15,"
"30605","1","31,58,"
"30605","11","31,58,"
"30604","1","29, 48"
"30599","1","55, 56"
"30624","1","31, 58"
"30610","1","15, 54"
"30614","1","29, 48"
"30612","1","1, 35"
"30613","1","30"
"30626","1","51"
"30616","3","31, 58"
"30627","1","29, 48"
"30628","1","15, 54"
"30611","1","30"
"30622","1","51"
"30617","11","54,"
"30619","1","21"
"30620","1","30"
"30634","1","29, 48"
"30640","1","1, 35"
"30623","1","23"
"30649","1","31, 58"
"30629","1","21"
"30645","1","15, 54"
"30630","1","51"
"30641","1","1, 35"
"30631","1","21"
"30636","1","29, 48"
"30635","1","23"
"30662","1","15, 54"
"30633","2","30,"
"30638","1","31, 58"
"30647","1","21"
"30652","1","29, 48"
"30644","1","51"
"30646","1","31, 58"
"30643","1","1, 35"
"30632","1","23"
"30651","1","21"
"30653","1","29, 48"
"30667","1","15, 54"
"30639","1","1, 35"
"30669","1","51"
"30648","1","23"
"30657","1","21, 35"
"30650","3","29, 48"
"30654","1","31, 54"
"30659","1","51"
"30658","1","23"
"30668","1","29, 48"
"30660","1","21, 35"
"30655","1","31, 54"
"30664","1","51"
"30665","1","1, 56, 55"
"30615","1","23"
"30673","1","29, 48"
"30664","11","51,"
"30671","1","31, 54"
"30670","1","51"
"30625","1","55,56,"
"30672","1","31, 54"
"30676","1","55, 58, 56"
"30675","1","16,54,"
"30675","11","16,53,54,"
"30674","3","29, 48"
"30587","2","30"
"30563","2","51"
"30682","1","30"
"30685","1","31, 58"
"30689","1","21, 54"
"30684","1","30"
"30569","2","55, 56"
"30681","1","51,"
"30698","1","31, 58"
"30688","1","55, 56"
"30699","1","29, 48"
"30607","1","21, 54"
"30694","1","30"
"30687","1","31, 58"
"30702","1","15, 35"
"30697","1","56, 55"
"30695","1","51"
"30693","1","53, 16"
"30679","1","29, 48"
"30705","1","15, 35"
"30700","1","21, 54"
"30701","1","53,"
"30706","3","21,"
"30701","11","54,"
"30709","8","51,"
"30708","3","31, 58"
"30690","2","21,"
"30680","3","29, 48"
"30686","1","30"
"30713","1","55, 56"
"30722","3","23"
"30717","1",""
"30703","11","16,31,51,53,54,58,"
"30621","2","51"
"30711","1","23"
"30724","1","21, 54"
"30716","1","30"
"30710","1","21, 54"
"30719","1","31, 58"
"30677","2","29, 48"
"30728","1","30"
"30729","1","29, 48"
"30725","1","23"
"30721","4","35"
"30731","1","55,"
"30735","1","21, 54"
"30715","1","51"
"30733","1","23"
"30742","1","29, 48"
"30730","1","31, 58"
"30726","1","55, 56"
"30744","1","30"
"30739","1","51"
"30741","1","21, 54"
"30743","1","48, 54"
"30747","1","21, 29"
"30746","1","55"
"30752","1","23"
"30755","1","23"
"30749","1","21, 29"
"30751","1","55"
"30759","1","23"
"30748","1","48, 54"
"30738","1","55"
"30753","1","21, 29"
"30740","2","31, 58"
"30692","1","48,"
"30754","2","59, 52"
"30765","1","23, 56"
"30756","1","51"
"30771","1","21, 29"
"30772","1","30,55,"
"30768","1","23, 56"
"30787","1","55"
"30780","1","51"
"30773","1","31, 58"
"30770","1","48, 54"
"30775","3","30"
"30618","2","21, 29"
"30784","1","23, 56"
"30712","11","16,27,31,35,51,53,54,58,"
"30707","7","55"
"30500","7","54, 48"
"30788","1","31, 58"
"30769","1","30"
"30783","1","48, 54"
"30786","1","23, 56"
"30704","1","55"
"30795","1","31, 58"
"30792","1","30"
"30789","1","23, 56"
"30777","1","21, 29"
"30774","1","48, 54"
"30780","11","51,"
"30794","1","55"
"30800","1","23, 56"
"30801","1","31, 58"
"30757","1","21, 29"
"30802","1","23"
"30790","1","30"
"30776","1","23"
"30761","1","52, 59"
"30799","1","21, 29"
"30805","1","55"
"30803","1","31, 58"
"30809","3","48, 54"
"30793","1","21, 29"
"30811","1","30,"
"30813","1","21, 29"
"30818","1","48, 54"
"30807","1","48, 54"
"30812","1","23"
"30814","1","23"
"30797","11","35,51,53,54,60,"
"30819","1","21, 29"
"30797","1","35,51,53,54,60,"
"30779","2","48, 54"
"30820","1","23"
"30804","1","31"
"30781","2","48,53,"
"30815","2","30"
"30823","1","51"
"30821","1","48, 54"
"30737","2","30"
"30824","1","23"
"30827","1","31"
"30806","1","52, 59"
"30830","3","48, 54"
"30834","1","55"
"30835","1","31"
"30831","1","1, 15"
"30825","1","21, 29"
"30829","1","30"
"30838","1","48, 54"
"30837","1","23,"
"30833","1","31"
"30832","1","30"
"30828","1","21"
"30847","1","30"
"30850","1","21"
"30840","1","31, 58"
"30852","1","21"
"30853","3","21"
"30849","1","51,"
"30854","1","30"
"30836","1","51,"
"30856","1","30"
"30857","1","30"
"30845","11","51,"
"30861","1","23, 48, 29"
"30736","2","30"
"30862","1","23, 48, 29"
"30863","2","31, 58"
"30874","4",""
"30841","11","31,54,58,"
"30876","1","21, 35"
"30762","1","30"
"30826","2","1, 54, 59, 52"
"30826","7","1,52,"
"30869","1","21, 35"
"30870","1","23, 29, 48"
"30867","3","30"
"30868","1","16, 53"
"30879","1","51"
"30858","1","55"
"30880","1","31, 58"
"30849","11","51,"
"30872","2","21, 48"
"30885","1","23, 29"
"30860","2","30"
"30878","2","55"
"30844","1","31, 58"
"30891","3","55"
"30889","1","23, 29"
"30791","2","21, 48"
"30890","3","48, 21"
"30875","4","21, 48"
"30888","2","30"
"30817","2","30"
"30899","1","15, 51"
"30896","1","30"
"30893","1","55"
"30895","1","21"
"30898","1","51,"
"30897","1","23, 29, 48"
"30564","2","30"
"30898","11","51,"
"30902","1","51"
"30663","2","21"
"30907","1","55, 58"
"30782","2","23, 29, 48"
"30558","2","31"
"30912","1","30"
"30904","1","23, 29, 48"
"30911","1","15, 54"
"30914","1","30"
"30767","2","55"
"30881","11","15,35,53,54,60,"
"30894","1","51"
"30921","4","31"
"30763","2","21"
"30922","1","23, 29, 48, 31"
"30913","1","58, 54"
"30808","1","52, 59"
"30923","1","21"
"30919","1","51"
"30927","1","55"
"30933","1","51"
"30932","1","55"
"30920","2","23, 29"
"30908","7","51"
"30816","2","55"
"30865","2","48"
"30883","2","30"
"30935","1","55"
"30934","1","48"
"30937","1","23, 29"
"30886","11","16,51,53,54,58,60,"
"30939","1","48"
"30943","1","55,"
"30944","1","29, 23"
"30884","2","21, 35"
"30952","3","54, 58"
"30941","3","31"
"30948","1","48"
"30926","1","52, 59"
"30954","1","48"
"30924","1","55"
"30945","11","16,31,51,53,54,56,60,"
"30955","1","55"
"30949","1","55,"
"30842","2","48"
"30950","1","30,"
"30957","1","31, 53"
"30950","11","30,52,56,59,"
"30940","1","30"
"30886","1","51,58,"
"30925","1","31,"
"30764","7","21"
"30892","2","29, 48"
"30887","7","21"
"30958","1","51"
"30965","1","31, 53"
"30969","1","58, 54"
"30959","1","55"
"30966","1","51"
"30972","1","31, 53"
"30961","3","54, 58"
"30968","1","29"
"30962","3","30"
"30971","1","54,"
"30905","2","55"
"30976","1","31, 53"
"30982","1","31,"
"30975","2","29, 35, 48"
"30988","1","21,61,"
"30986","1","55"
"30978","2","23"
"30947","1","23,"
"30994","1","21,61,"
"30983","1","31,"
"30993","1","55"
"30956","2","54, 58"
"30998","1","55,58,"
"30930","2","21"
"30928","2","23"
"30977","1","48, 29"
"31001","1","54,"
"31013","3","54, 58"
"31000","1","31"
"31011","4","23"
"31010","4","23"
"31008","1","55"
"31003","2","30, 52"
"30996","2","21"
"31009","1","55"
"31005","1","31"
"30951","1","48"
"30974","1","54, 58"
"30980","1","51"
"31017","7","21, 29"
"31002","1","23"
"30967","2","48"
"31014","1","23"
"30864","2","35"
"30960","2","48"
"31028","1","54, 58"
"31027","2","21, 29"
"30992","2","31"
"31031","1","54, 58"
"31032","1","16,51,59,61,"
"31030","1","29, 21"
"31033","1","54, 58"
"30953","1","51"
"31032","11","16,51,59,61,"
"31037","1","23"
"31039","1","23"
"30915","1","31"
"31007","1","48"
"31038","11","53,"
"27555","1","4"
"30984","2","55"
"31041","1","23"
"30877","2","54,58,61,"
"31045","1","48"
"31035","1","51,"
"31042","1","54,58,61,"
"31046","3","21, 29, 35"
"31050","4","48"
"31043","11","55,"
"30918","2","21, 29, 35"
"31053","1","54,58,61,"
"31040","1","23,"
"31065","11","55,"
"31051","1","55"
"31057","1","48"
"31072","1","51, 54, 58"
"31064","1","31"
"31062","1","31"
"31068","3","55"
"31052","11","30,"
"31059","11","48,55,"
"31069","11","48,51,58,"
"31066","1","1, 29"
"31073","1","51, 54, 58, 48"
"31035","11","51,"
"31063","1","23,61,"
"31078","1","1, 29"
"31040","11","23,"
"31063","11","23,31,61,"
"31074","11","30,31,"
"30979","2","1,29,"
"31076","3","1,29,"
"31049","11","30,51,"
"31049","1","51,"
"31075","1","23,61,"
"31075","11","23,48,55,58,61,"
"31047","11","30,31,51,"
"31034","11","16,30,51,54,59,61,"
"31034","1","30,"
"31018","7","48"
"30990","2","23"
"31083","3","23"
"31054","2","54, 58"
"31081","1","23"
"31091","3","21, 35"
"31090","1","55"
"31095","1","48"
"31096","1","31, 53, 54, 58"
"31088","11","30,"
"31080","11","51,"
"31093","1","23"
"31103","1",""
"31103","8","55,"
"31082","1",""
"31085","11","31,54,58,"
"31102","1","51,"
"31086","1","54,"
"31101","1","52"
"31102","11","51,"
"30999","1","31"
"31012","1","21, 29, 35"
"30987","7","48"
"31094","1","55"
"31094","11","55,"
"31089","11","30,"
"31106","1","23"
"30995","2","23"
"31015","7","21, 35, 29"
"31117","1","58, 54, 53"
"31097","2","48"
"31087","1","21, 29, 35"
"31123","4","21, 29, 35"
"31107","1","23"
"31084","1","31"
"31104","1","52"
"31119","4","21, 29, 35"
"31105","11","30,"
"31110","1","51, 55"
"31109","3","23"
"31124","1","54, 53, 58"
"31125","1","31"
"31127","1","54, 58"
"31129","3","23,"
"31109","1","23,"
"31133","4","55"
"30973","2","30"
"31126","1","48, 29"
"31134","1","55"
"31025","2","23"
"31121","2","21, 35"
"31122","2","31"
"31141","1","54, 58"
"31143","3","48"
"31120","1","54, 58"
"31145","1","55"
"31146","1","21, 29, 35"
"31135","2","54, 58"
"31150","1","23"
"31147","1","53, 16, 59"
"31149","1","52"
"31139","1",""
"31155","1","31,"
"30909","2","48"
"31019","2","51"
"31137","2","21, 29, 35"
"31147","11","16,59,"
"31157","1","54, 58"
"31128","2","48"
"31153","1","52"
"31148","2","21, 29, 35"
"31112","2","23"
"31153","8","52,"
"31055","7","48"
"31130","1","21, 29, 35, 51"
"31144","1","23"
"31099","1","55"
"31159","11","30,"
"31092","1","23"
"31168","11","55,"
"31142","1","58, 54"
"31161","2","23"
"31164","11","16,31,59,"
"31024","2","55"
"31170","1","23"
"31140","2","21, 29, 35"
"31166","1","48"
"31176","1","23"
"31169","11","16,59,61,"
"31179","1","21, 29, 35"
"31180","1","51"
"31184","1","55"
"31177","1","21, 29, 35"
"31178","1","31, 53"
"31181","1","54, 58"
"31173","1","51"
"31172","8","23"
"31183","1","55"
"31185","1","31, 53"
"31190","1","31"
"31189","1","55"
"31192","1","55,"
"31193","1","31,61,"
"31165","1","55"
"31194","1","30, 52"
"31196","3","21"
"31114","2","31,61,"
"31198","3","55"
"31200","1","31,61,"
"31204","1","29"
"31197","1","51, 54"
"31209","1","23"
"31197","11","51,"
"31199","1","55"
"31201","1","30, 52"
"31205","1","21, 48"
"31215","1","53, 58"
"31210","1","29"
"31211","1","29"
"31160","1","52, 30"
"31138","1","55"
"31219","2","21"
"31186","2","29"
"31187","1","51, 53"
"31162","2","54, 58"
"31224","4","23, 21"
"31221","1","55"
"31187","11","51,59,"
"31220","1","54, 58"
"31212","1","31,61,"
"31225","1","21, 23"
"31227","1","29"
"31228","1","29"
"30970","1","31"
"31233","1","23, 35"
"31234","1","29"
"31235","1","51, 54, 53, 58, 59"
"31230","1","55,"
"31235","11","51,58,59,"
"31203","2","21, 48"
"31048","2","35, 23"
"31004","2","21, 48"
"31229","2","35, 23"
"31242","1","54, 58"
"31247","1","21, 48"
"31231","2","23"
"31188","7","29"
"31248","1","54, 58"
"31218","11","31,51,58,61,"
"31241","2","35, 48"
"31250","1","23"
"31251","1","55,"
"31240","4","48, 35"
"31246","1","31"
"31253","3","23"
"31259","1","54, 58"
"31223","1","55"
"31255","1","51"
"31254","1","31"
"31262","1","54, 58"
"31245","1","30, 53, 59"
"31268","1","52"
"31269","3","30,"
"31271","1","51"
"31272","1","51"
"31245","11","16,30,54,59,61,"
"31238","1","31,59,61,"
"31238","11","51,55,59,61,"
"31158","2","31,61,"
"31258","2","55"
"31275","1","30, 53"
"31214","1","48, 29"
"31279","1","51"
"31281","1","21"
"31280","1","31,61,"
"31274","1","51"
"31277","3","30, 53"
"31284","1","21"
"31294","1","31,61,"
"31286","1","51"
"31283","1","21"
"31278","1","55,"
"31289","1","21"
"31291","3","29, 48"
"31216","2","51"
"31290","1","30"
"31285","11","16,59,"
"31290","11","30,61,"
"31252","2","54, 58"
"31298","1","55"
"31282","2","21"
"31239","7","23"
"31292","1","52"
"31299","4","29, 48"
"31297","1","58, 54"
"31302","1","30,61,"
"31263","1","31"
"31309","1","55"
"31312","1","58,61,"
"31296","11","51,"
"31315","1","21"
"31260","2","58,61,"
"31311","1","21"
"31316","1","16,30,31,53,55,59,"
"31316","11","16,30,31,52,54,55,59,"
"31307","1","58,61,"
"31266","2","21"
"31305","2","55"
"31306","4","48, 35"
"31261","3","21"
"31319","1","55"
"31313","1","55"
"31313","11","55,"
"31320","1","52"
"31327","1","58,61,"
"31236","2","21, 35"
"31301","2","30, 54"
"31329","1","23"
"31322","1","55"
"31317","2","21, 35"
"31206","2","48"
"31321","3","23"
"31328","11","30,"
"31328","1","30,"
"31331","1","48"
"31332","1","31"
"31323","1","52"
"31325","1","51"
"31330","11","16,30,54,58,59,61,"
"31324","7","30"
"31339","1","51"
"31330","1","58,61,"
"31334","1","31"
"31331","11","48,"
"31343","11","51"
"31345","1","48"
"31304","1","55"
"31340","1","54, 58"
"31348","1","48,"
"31341","1","31"
"31295","2","30,61,"
"31347","1","55"
"31314","7","54, 58"
"31342","1","51"
"31346","1","23"
"31338","1","48"
"31354","1","21, 35"
"31357","1","51"
"31359","1","23"
"31360","1","30,61,"
"31361","1","51"
"31365","1","30,61,"
"31368","1","15"
"31367","1","30,61,"
"31371","1","51, 58"
"31369","11","51,"
"31373","1","51, 58"
"31375","1","23"
"31374","3","23"
"31372","1","23"
"31377","1","30,61,"
"31378","1","30,61,"
"31333","1","51"
"31386","1","23"
"31362","2","52"
"31385","3","21, 29, 48"
"31351","2","30,61,"
"31310","2","54, 58"
"31370","11","31,54,"
"31376","1","31,54,"
"31376","11","31,54,"
"31382","1","51"
"31382","11","51,"
"31364","11","31,"
"31380","1","58, 54"
"31394","1","51"
"31384","1","58, 54"
"31400","1","31, 53"
"31409","1","30,61,"
"31401","1","55"
"31396","1","31, 53"
"31387","1","52"
"31404","1","51"
"31403","1","54, 58"
"31395","1","30,61,"
"31389","1","31, 53"
"31352","2","52"
"31398","1","51"
"31363","7","29"
"31273","7","21"
"31349","2","54, 58"
"31406","4","48,"
"31256","1","31, 53"
"31402","1","51"
"31415","1","48"
"31366","2","52"
"31411","1","31, 53"
"31410","1","30,61,"
"31417","1","21, 48"
"31418","1","52,"
"31393","1","29"
"31429","11","54,"
"31431","1","30,61,"
"31423","1","31, 53"
"31413","1","51"
"31426","1","21, 48"
"31427","1","52"
"31422","3","55"
"31424","1","21, 48"
"31419","4","52"
"31392","2","30,61,"
"31288","7","21, 48"
"31412","2","51"
"31408","2","31"
"31434","1","55"
"31438","1","52,"
"31336","2","54, 58"
"31433","1","31"
"31439","1","51"
"31437","1","30,61,"
"31287","7","21, 48"
"31430","3","29"
"31449","1","30,61,"
"31448","1","52"
"31441","4","29"
"31450","1","52"
"31405","11","31,54,59,"
"31452","1","21"
"31379","2","55"
"31421","11","51,"
"31454","1","31"
"31420","2","54, 58"
"31443","2","30,61,"
"31440","1","51, 53"
"31453","1","30,61,"
"31456","1","31"
"31458","1","51, 53"
"31464","1","54, 58"
"31460","1","55"
"31462","11","16,54,58,59,60,"
"31473","1","30,61,"
"31475","1","31"
"31479","1","21"
"31477","1","30,61,"
"31457","1","54, 58"
"31474","1","52"
"31482","1","54, 58"
"31463","1","30,61,"
"31468","1","51,"
"31481","1","31"
"31487","1","30,61,"
"31483","11","51,"
"31465","1","58, 53"
"31490","1","31"
"31493","1","58, 53"
"31436","1","30,61,"
"31494","1","30,61,"
"31486","1","55,"
"31491","11","16,31,51,59,"
"31467","2","31, 54"
"31468","11","51,59,"
"31480","1","31,"
"31480","11","31,58,"
"31478","2","55"
"31451","2","30"
"31499","1","31, 54"
"31487","11","30,61,"
"31502","3","31, 54"
"31500","1","52"
"31505","1","30"
"31510","1","31, 54"
"31501","1","55,"
"31506","1","51"
"31512","1","55"
"31414","2","31,"
"31514","1","55"
"31517","1","31,"
"31517","11","31,"
"31513","1","21"
"31518","1","48, 29"
"31515","1","51"
"31519","1","55"
"31496","1","53, 58"
"31522","1","51"
"31520","1","31,"
"31520","11","31,"
"31445","2","55,"
"31529","3","51"
"31527","3","58"
"31511","2","21"
"31525","1","55"
"31532","1","31, 54"
"31533","1","51"
"31524","1","21"
"31535","3","58"
"31536","1","31, 54"
"31531","1","31, 54"
"31537","1","52"
"31542","1","55"
"31540","3","21"
"31358","7","58"
"31466","2","23"
"31498","2","29, 48"
"31495","2","21"
"31547","2","21"
"31388","1","55"
"31541","2","58"
"31548","1","23"
"31444","2","31, 54"
"31544","1","51,"
"31530","2","31, 54"
"31544","11","16,51,54,59,61,"
"31550","1","23"
"31545","3","31, 54"
"31552","1","29, 48"
"31503","1","58"
"31539","1","52"
"31553","1","55"
"31554","1","51,"
"31554","11","51,54,61,"
"31555","1","52"
"31556","3","29, 48"
"31549","2","23"
"31559","1","31, 54"
"31558","1","58"
"31521","2","21"
"31508","2","55"
"31484","2","23"
"31508","1","55,"
"31557","1","29, 48"
"31435","1","23"
"31455","2","58"
"31564","1","52"
"31562","3","29, 48"
"31571","3","23"
"31397","1","58"
